A0001,主食,8
A0001,凉菜,39
A0001,凉菜,22
A0001,热菜,280
A0001,酒水,148
A0002,主食,19
A0002,凉菜,18
A0002,凉菜,28
A0002,热菜,168
A0002,酒水,186
A0003,主食,16
A0003,凉菜,13
A0003,凉菜,33
A0003,热菜,174
A0003,酒水,114
A0004,主食,7
A0004,凉菜,25
A0004,凉菜,29
A0004,热菜,398
A0004,酒水,137
A0005,主食,15
A0005,凉菜,27
A0005,凉菜,24
A0005,热菜,261
A0005,酒水,196
A0006,主食,7
A0006,凉菜,38
A0006,凉菜,36
A0006,热菜,266
A0006,酒水,145
A0007,主食,2
A0007,凉菜,36
A0007,凉菜,21
A0007,热菜,87
A0007,酒水,8
A0008,主食,4
A0008,凉菜,42
A0008,凉菜,33
A0008,热菜,380
A0008,酒水,35
A0009,主食,18
A0009,凉菜,20
A0009,凉菜,35
A0009,热菜,215
A0009,酒水,106
A0010,主食,12
A0010,凉菜,29
A0010,凉菜,29
A0010,热菜,234
A0010,酒水,112
A0011,主食,11
A0011,凉菜,12
A0011,凉菜,39
A0011,热菜,368
A0011,酒水,153
A0012,主食,5
A0012,凉菜,17
A0012,凉菜,40
A0012,热菜,234
A0012,酒水,147
A0013,主食,2
A0013,凉菜,35
A0013,凉菜,12
A0013,热菜,292
A0013,酒水,29
A0014,主食,8
A0014,凉菜,26
A0014,凉菜,32
A0014,热菜,311
A0014,酒水,57
A0015,主食,6
A0015,凉菜,13
A0015,凉菜,40
A0015,热菜,297
A0015,酒水,146
A0016,主食,17
A0016,凉菜,35
A0016,凉菜,32
A0016,热菜,370
A0016,酒水,175
A0017,主食,11
A0017,凉菜,39
A0017,凉菜,27
A0017,热菜,310
A0017,酒水,109
A0018,主食,20
A0018,凉菜,35
A0018,凉菜,38
A0018,热菜,98
A0018,酒水,200
A0019,主食,14
A0019,凉菜,42
A0019,凉菜,39
A0019,热菜,395
A0019,酒水,88
A0020,主食,2
A0020,凉菜,32
A0020,凉菜,19
A0020,热菜,202
A0020,酒水,24
A0021,主食,19
A0021,凉菜,20
A0021,凉菜,27
A0021,热菜,250
A0021,酒水,25
A0022,主食,10
A0022,凉菜,33
A0022,凉菜,22
A0022,热菜,373
A0022,酒水,46
A0023,主食,19
A0023,凉菜,34
A0023,凉菜,34
A0023,热菜,354
A0023,酒水,10
A0024,主食,16
A0024,凉菜,22
A0024,凉菜,26
A0024,热菜,329
A0024,酒水,147
A0025,主食,8
A0025,凉菜,41
A0025,凉菜,33
A0025,热菜,304
A0025,酒水,197
A0026,主食,2
A0026,凉菜,33
A0026,凉菜,29
A0026,热菜,363
A0026,酒水,116
A0027,主食,2
A0027,凉菜,41
A0027,凉菜,27
A0027,热菜,301
A0027,酒水,23
A0028,主食,17
A0028,凉菜,32
A0028,凉菜,17
A0028,热菜,170
A0028,酒水,143
A0029,主食,6
A0029,凉菜,24
A0029,凉菜,19
A0029,热菜,365
A0029,酒水,14
A0030,主食,3
A0030,凉菜,33
A0030,凉菜,32
A0030,热菜,237
A0030,酒水,63
A0031,主食,6
A0031,凉菜,39
A0031,凉菜,18
A0031,热菜,304
A0031,酒水,200
A0032,主食,7
A0032,凉菜,23
A0032,凉菜,20
A0032,热菜,137
A0032,酒水,105
A0033,主食,16
A0033,凉菜,22
A0033,凉菜,39
A0033,热菜,393
A0033,酒水,157
A0034,主食,5
A0034,凉菜,18
A0034,凉菜,22
A0034,热菜,141
A0034,酒水,26
A0035,主食,13
A0035,凉菜,16
A0035,凉菜,36
A0035,热菜,319
A0035,酒水,113
A0036,主食,9
A0036,凉菜,37
A0036,凉菜,39
A0036,热菜,311
A0036,酒水,105
A0037,主食,14
A0037,凉菜,24
A0037,凉菜,41
A0037,热菜,395
A0037,酒水,93
A0038,主食,5
A0038,凉菜,36
A0038,凉菜,29
A0038,热菜,395
A0038,酒水,160
A0039,主食,10
A0039,凉菜,20
A0039,凉菜,22
A0039,热菜,144
A0039,酒水,73
A0040,主食,11
A0040,凉菜,33
A0040,凉菜,20
A0040,热菜,153
A0040,酒水,132
A0041,主食,3
A0041,凉菜,20
A0041,凉菜,31
A0041,热菜,127
A0041,酒水,62
A0042,主食,19
A0042,凉菜,37
A0042,凉菜,22
A0042,热菜,372
A0042,酒水,130
A0043,主食,17
A0043,凉菜,19
A0043,凉菜,41
A0043,热菜,325
A0043,酒水,26
A0044,主食,13
A0044,凉菜,14
A0044,凉菜,23
A0044,热菜,264
A0044,酒水,169
A0045,主食,20
A0045,凉菜,30
A0045,凉菜,39
A0045,热菜,115
A0045,酒水,144
A0046,主食,4
A0046,凉菜,15
A0046,凉菜,13
A0046,热菜,336
A0046,酒水,39
A0047,主食,3
A0047,凉菜,18
A0047,凉菜,15
A0047,热菜,103
A0047,酒水,166
A0048,主食,2
A0048,凉菜,21
A0048,凉菜,25
A0048,热菜,215
A0048,酒水,175
A0049,主食,11
A0049,凉菜,36
A0049,凉菜,17
A0049,热菜,305
A0049,酒水,54
A0050,主食,17
A0050,凉菜,36
A0050,凉菜,24
A0050,热菜,226
A0050,酒水,111
A0051,主食,7
A0051,凉菜,37
A0051,凉菜,17
A0051,热菜,319
A0051,酒水,56
A0052,主食,16
A0052,凉菜,14
A0052,凉菜,17
A0052,热菜,266
A0052,酒水,73
A0053,主食,17
A0053,凉菜,27
A0053,凉菜,13
A0053,热菜,286
A0053,酒水,18
A0054,主食,14
A0054,凉菜,41
A0054,凉菜,40
A0054,热菜,201
A0054,酒水,193
A0055,主食,20
A0055,凉菜,30
A0055,凉菜,32
A0055,热菜,347
A0055,酒水,173
A0056,主食,15
A0056,凉菜,31
A0056,凉菜,27
A0056,热菜,103
A0056,酒水,118
A0057,主食,14
A0057,凉菜,17
A0057,凉菜,21
A0057,热菜,199
A0057,酒水,102
A0058,主食,11
A0058,凉菜,30
A0058,凉菜,40
A0058,热菜,115
A0058,酒水,186
A0059,主食,14
A0059,凉菜,40
A0059,凉菜,13
A0059,热菜,335
A0059,酒水,59
A0060,主食,6
A0060,凉菜,29
A0060,凉菜,28
A0060,热菜,229
A0060,酒水,14
A0061,主食,6
A0061,凉菜,18
A0061,凉菜,37
A0061,热菜,208
A0061,酒水,200
A0062,主食,14
A0062,凉菜,18
A0062,凉菜,34
A0062,热菜,98
A0062,酒水,73
A0063,主食,20
A0063,凉菜,19
A0063,凉菜,42
A0063,热菜,213
A0063,酒水,60
A0064,主食,17
A0064,凉菜,16
A0064,凉菜,40
A0064,热菜,116
A0064,酒水,76
A0065,主食,20
A0065,凉菜,20
A0065,凉菜,35
A0065,热菜,255
A0065,酒水,199
A0066,主食,9
A0066,凉菜,40
A0066,凉菜,26
A0066,热菜,229
A0066,酒水,66
A0067,主食,9
A0067,凉菜,27
A0067,凉菜,18
A0067,热菜,115
A0067,酒水,159
A0068,主食,13
A0068,凉菜,17
A0068,凉菜,14
A0068,热菜,206
A0068,酒水,37
A0069,主食,10
A0069,凉菜,23
A0069,凉菜,37
A0069,热菜,122
A0069,酒水,14
A0070,主食,7
A0070,凉菜,41
A0070,凉菜,42
A0070,热菜,100
A0070,酒水,168
A0071,主食,11
A0071,凉菜,28
A0071,凉菜,27
A0071,热菜,228
A0071,酒水,115
A0072,主食,19
A0072,凉菜,31
A0072,凉菜,24
A0072,热菜,229
A0072,酒水,46
A0073,主食,20
A0073,凉菜,28
A0073,凉菜,32
A0073,热菜,319
A0073,酒水,40
A0074,主食,15
A0074,凉菜,16
A0074,凉菜,13
A0074,热菜,124
A0074,酒水,83
A0075,主食,7
A0075,凉菜,14
A0075,凉菜,40
A0075,热菜,136
A0075,酒水,39
A0076,主食,17
A0076,凉菜,13
A0076,凉菜,42
A0076,热菜,213
A0076,酒水,99
A0077,主食,7
A0077,凉菜,29
A0077,凉菜,31
A0077,热菜,247
A0077,酒水,123
A0078,主食,12
A0078,凉菜,36
A0078,凉菜,33
A0078,热菜,263
A0078,酒水,25
A0079,主食,17
A0079,凉菜,21
A0079,凉菜,30
A0079,热菜,353
A0079,酒水,58
A0080,主食,8
A0080,凉菜,26
A0080,凉菜,33
A0080,热菜,100
A0080,酒水,110
A0081,主食,11
A0081,凉菜,14
A0081,凉菜,12
A0081,热菜,262
A0081,酒水,50
A0082,主食,7
A0082,凉菜,23
A0082,凉菜,21
A0082,热菜,280
A0082,酒水,62
A0083,主食,8
A0083,凉菜,29
A0083,凉菜,28
A0083,热菜,98
A0083,酒水,10
A0084,主食,12
A0084,凉菜,30
A0084,凉菜,29
A0084,热菜,185
A0084,酒水,149
A0085,主食,19
A0085,凉菜,32
A0085,凉菜,21
A0085,热菜,267
A0085,酒水,61
A0086,主食,6
A0086,凉菜,20
A0086,凉菜,37
A0086,热菜,224
A0086,酒水,8
A0087,主食,17
A0087,凉菜,14
A0087,凉菜,25
A0087,热菜,234
A0087,酒水,36
A0088,主食,5
A0088,凉菜,32
A0088,凉菜,35
A0088,热菜,124
A0088,酒水,62
A0089,主食,14
A0089,凉菜,26
A0089,凉菜,42
A0089,热菜,350
A0089,酒水,75
A0090,主食,15
A0090,凉菜,41
A0090,凉菜,14
A0090,热菜,88
A0090,酒水,47
A0091,主食,19
A0091,凉菜,17
A0091,凉菜,34
A0091,热菜,291
A0091,酒水,55
A0092,主食,16
A0092,凉菜,19
A0092,凉菜,20
A0092,热菜,120
A0092,酒水,9
A0093,主食,15
A0093,凉菜,32
A0093,凉菜,37
A0093,热菜,216
A0093,酒水,178
A0094,主食,20
A0094,凉菜,24
A0094,凉菜,38
A0094,热菜,236
A0094,酒水,186
A0095,主食,13
A0095,凉菜,17
A0095,凉菜,25
A0095,热菜,288
A0095,酒水,120
A0096,主食,17
A0096,凉菜,30
A0096,凉菜,17
A0096,热菜,104
A0096,酒水,40
A0097,主食,4
A0097,凉菜,14
A0097,凉菜,35
A0097,热菜,186
A0097,酒水,9
A0098,主食,13
A0098,凉菜,24
A0098,凉菜,21
A0098,热菜,374
A0098,酒水,155
A0099,主食,18
A0099,凉菜,28
A0099,凉菜,13
A0099,热菜,243
A0099,酒水,92
A0100,主食,4
A0100,凉菜,32
A0100,凉菜,20
A0100,热菜,345
A0100,酒水,53
A0101,主食,12
A0101,凉菜,19
A0101,凉菜,19
A0101,热菜,150
A0101,酒水,70
A0102,主食,5
A0102,凉菜,35
A0102,凉菜,29
A0102,热菜,392
A0102,酒水,141
A0103,主食,2
A0103,凉菜,18
A0103,凉菜,36
A0103,热菜,229
A0103,酒水,142
A0104,主食,9
A0104,凉菜,41
A0104,凉菜,34
A0104,热菜,86
A0104,酒水,118
A0105,主食,10
A0105,凉菜,21
A0105,凉菜,25
A0105,热菜,339
A0105,酒水,186
A0106,主食,7
A0106,凉菜,16
A0106,凉菜,42
A0106,热菜,117
A0106,酒水,13
A0107,主食,19
A0107,凉菜,29
A0107,凉菜,25
A0107,热菜,315
A0107,酒水,19
A0108,主食,16
A0108,凉菜,21
A0108,凉菜,19
A0108,热菜,175
A0108,酒水,87
A0109,主食,12
A0109,凉菜,28
A0109,凉菜,34
A0109,热菜,281
A0109,酒水,142
A0110,主食,9
A0110,凉菜,29
A0110,凉菜,42
A0110,热菜,117
A0110,酒水,123
A0111,主食,18
A0111,凉菜,27
A0111,凉菜,40
A0111,热菜,336
A0111,酒水,191
A0112,主食,6
A0112,凉菜,38
A0112,凉菜,26
A0112,热菜,386
A0112,酒水,183
A0113,主食,18
A0113,凉菜,23
A0113,凉菜,14
A0113,热菜,361
A0113,酒水,188
A0114,主食,9
A0114,凉菜,38
A0114,凉菜,28
A0114,热菜,241
A0114,酒水,183
A0115,主食,6
A0115,凉菜,14
A0115,凉菜,31
A0115,热菜,323
A0115,酒水,57
A0116,主食,2
A0116,凉菜,20
A0116,凉菜,12
A0116,热菜,274
A0116,酒水,168
A0117,主食,8
A0117,凉菜,13
A0117,凉菜,12
A0117,热菜,106
A0117,酒水,54
A0118,主食,11
A0118,凉菜,29
A0118,凉菜,22
A0118,热菜,256
A0118,酒水,82
A0119,主食,15
A0119,凉菜,39
A0119,凉菜,18
A0119,热菜,362
A0119,酒水,30
A0120,主食,18
A0120,凉菜,28
A0120,凉菜,23
A0120,热菜,324
A0120,酒水,118
A0121,主食,7
A0121,凉菜,33
A0121,凉菜,35
A0121,热菜,228
A0121,酒水,86
A0122,主食,9
A0122,凉菜,30
A0122,凉菜,18
A0122,热菜,315
A0122,酒水,177
A0123,主食,11
A0123,凉菜,41
A0123,凉菜,31
A0123,热菜,352
A0123,酒水,114
A0124,主食,9
A0124,凉菜,39
A0124,凉菜,32
A0124,热菜,379
A0124,酒水,13
A0125,主食,6
A0125,凉菜,34
A0125,凉菜,14
A0125,热菜,243
A0125,酒水,36
A0126,主食,10
A0126,凉菜,30
A0126,凉菜,26
A0126,热菜,391
A0126,酒水,191
A0127,主食,19
A0127,凉菜,20
A0127,凉菜,26
A0127,热菜,179
A0127,酒水,197
A0128,主食,15
A0128,凉菜,24
A0128,凉菜,40
A0128,热菜,255
A0128,酒水,144
A0129,主食,20
A0129,凉菜,29
A0129,凉菜,23
A0129,热菜,150
A0129,酒水,57
A0130,主食,5
A0130,凉菜,15
A0130,凉菜,36
A0130,热菜,212
A0130,酒水,166
B0001,主食,4
B0001,凉菜,22
B0001,凉菜,33
B0001,热菜,390
B0001,酒水,162
B0002,主食,8
B0002,凉菜,14
B0002,凉菜,38
B0002,热菜,330
B0002,酒水,101
B0003,主食,8
B0003,凉菜,13
B0003,凉菜,18
B0003,热菜,368
B0003,酒水,200
B0004,主食,4
B0004,凉菜,35
B0004,凉菜,26
B0004,热菜,280
B0004,酒水,135
B0005,主食,5
B0005,凉菜,25
B0005,凉菜,26
B0005,热菜,111
B0005,酒水,43
B0006,主食,7
B0006,凉菜,26
B0006,凉菜,38
B0006,热菜,119
B0006,酒水,50
B0007,主食,6
B0007,凉菜,33
B0007,凉菜,40
B0007,热菜,210
B0007,酒水,65
B0008,主食,16
B0008,凉菜,35
B0008,凉菜,30
B0008,热菜,233
B0008,酒水,28
B0009,主食,16
B0009,凉菜,28
B0009,凉菜,18
B0009,热菜,134
B0009,酒水,126
B0010,主食,5
B0010,凉菜,36
B0010,凉菜,26
B0010,热菜,103
B0010,酒水,20
B0011,主食,9
B0011,凉菜,13
B0011,凉菜,13
B0011,热菜,314
B0011,酒水,107
B0012,主食,12
B0012,凉菜,20
B0012,凉菜,40
B0012,热菜,83
B0012,酒水,104
B0013,主食,3
B0013,凉菜,23
B0013,凉菜,35
B0013,热菜,272
B0013,酒水,57
B0014,主食,16
B0014,凉菜,23
B0014,凉菜,18
B0014,热菜,94
B0014,酒水,61
B0015,主食,18
B0015,凉菜,35
B0015,凉菜,13
B0015,热菜,383
B0015,酒水,27
B0016,主食,10
B0016,凉菜,12
B0016,凉菜,34
B0016,热菜,380
B0016,酒水,19
B0017,主食,8
B0017,凉菜,26
B0017,凉菜,33
B0017,热菜,321
B0017,酒水,160
B0018,主食,5
B0018,凉菜,23
B0018,凉菜,38
B0018,热菜,333
B0018,酒水,199
B0019,主食,8
B0019,凉菜,17
B0019,凉菜,35
B0019,热菜,149
B0019,酒水,191
B0020,主食,9
B0020,凉菜,24
B0020,凉菜,12
B0020,热菜,78
B0020,酒水,83
B0021,主食,5
B0021,凉菜,33
B0021,凉菜,36
B0021,热菜,218
B0021,酒水,169
B0022,主食,13
B0022,凉菜,12
B0022,凉菜,34
B0022,热菜,103
B0022,酒水,167
B0023,主食,16
B0023,凉菜,38
B0023,凉菜,38
B0023,热菜,385
B0023,酒水,17
B0024,主食,8
B0024,凉菜,14
B0024,凉菜,37
B0024,热菜,305
B0024,酒水,126
B0025,主食,16
B0025,凉菜,33
B0025,凉菜,35
B0025,热菜,133
B0025,酒水,25
B0026,主食,11
B0026,凉菜,23
B0026,凉菜,25
B0026,热菜,189
B0026,酒水,154
B0027,主食,7
B0027,凉菜,40
B0027,凉菜,13
B0027,热菜,192
B0027,酒水,31
B0028,主食,8
B0028,凉菜,40
B0028,凉菜,41
B0028,热菜,204
B0028,酒水,107
B0029,主食,5
B0029,凉菜,21
B0029,凉菜,33
B0029,热菜,284
B0029,酒水,36
B0030,主食,5
B0030,凉菜,39
B0030,凉菜,21
B0030,热菜,346
B0030,酒水,165
B0031,主食,7
B0031,凉菜,23
B0031,凉菜,42
B0031,热菜,313
B0031,酒水,200
B0032,主食,3
B0032,凉菜,42
B0032,凉菜,22
B0032,热菜,97
B0032,酒水,106
B0033,主食,8
B0033,凉菜,39
B0033,凉菜,40
B0033,热菜,395
B0033,酒水,191
B0034,主食,13
B0034,凉菜,25
B0034,凉菜,31
B0034,热菜,90
B0034,酒水,48
B0035,主食,14
B0035,凉菜,12
B0035,凉菜,33
B0035,热菜,105
B0035,酒水,152
B0036,主食,2
B0036,凉菜,27
B0036,凉菜,41
B0036,热菜,388
B0036,酒水,130
B0037,主食,10
B0037,凉菜,40
B0037,凉菜,30
B0037,热菜,302
B0037,酒水,189
B0038,主食,11
B0038,凉菜,14
B0038,凉菜,24
B0038,热菜,381
B0038,酒水,159
B0039,主食,20
B0039,凉菜,22
B0039,凉菜,27
B0039,热菜,331
B0039,酒水,61
B0040,主食,5
B0040,凉菜,42
B0040,凉菜,31
B0040,热菜,137
B0040,酒水,148
B0041,主食,2
B0041,凉菜,34
B0041,凉菜,32
B0041,热菜,154
B0041,酒水,178
B0042,主食,6
B0042,凉菜,20
B0042,凉菜,13
B0042,热菜,238
B0042,酒水,24
B0043,主食,11
B0043,凉菜,37
B0043,凉菜,14
B0043,热菜,241
B0043,酒水,68
B0044,主食,5
B0044,凉菜,40
B0044,凉菜,41
B0044,热菜,104
B0044,酒水,65
B0045,主食,17
B0045,凉菜,42
B0045,凉菜,16
B0045,热菜,203
B0045,酒水,191
B0046,主食,8
B0046,凉菜,40
B0046,凉菜,31
B0046,热菜,158
B0046,酒水,184
B0047,主食,9
B0047,凉菜,38
B0047,凉菜,13
B0047,热菜,83
B0047,酒水,156
B0048,主食,11
B0048,凉菜,17
B0048,凉菜,33
B0048,热菜,356
B0048,酒水,190
B0049,主食,15
B0049,凉菜,15
B0049,凉菜,15
B0049,热菜,152
B0049,酒水,60
B0050,主食,7
B0050,凉菜,27
B0050,凉菜,15
B0050,热菜,252
B0050,酒水,182
B0051,主食,19
B0051,凉菜,28
B0051,凉菜,35
B0051,热菜,329
B0051,酒水,144
B0052,主食,15
B0052,凉菜,41
B0052,凉菜,12
B0052,热菜,117
B0052,酒水,93
B0053,主食,4
B0053,凉菜,21
B0053,凉菜,32
B0053,热菜,240
B0053,酒水,105
B0054,主食,19
B0054,凉菜,41
B0054,凉菜,26
B0054,热菜,384
B0054,酒水,48
B0055,主食,5
B0055,凉菜,36
B0055,凉菜,27
B0055,热菜,324
B0055,酒水,99
B0056,主食,3
B0056,凉菜,34
B0056,凉菜,20
B0056,热菜,161
B0056,酒水,81
B0057,主食,13
B0057,凉菜,28
B0057,凉菜,37
B0057,热菜,182
B0057,酒水,74
B0058,主食,17
B0058,凉菜,12
B0058,凉菜,21
B0058,热菜,277
B0058,酒水,200
B0059,主食,6
B0059,凉菜,39
B0059,凉菜,40
B0059,热菜,239
B0059,酒水,133
B0060,主食,5
B0060,凉菜,12
B0060,凉菜,34
B0060,热菜,267
B0060,酒水,42
B0061,主食,10
B0061,凉菜,23
B0061,凉菜,13
B0061,热菜,333
B0061,酒水,19
B0062,主食,16
B0062,凉菜,12
B0062,凉菜,25
B0062,热菜,291
B0062,酒水,53
B0063,主食,19
B0063,凉菜,12
B0063,凉菜,40
B0063,热菜,369
B0063,酒水,155
B0064,主食,12
B0064,凉菜,16
B0064,凉菜,41
B0064,热菜,282
B0064,酒水,133
B0065,主食,11
B0065,凉菜,24
B0065,凉菜,22
B0065,热菜,379
B0065,酒水,45
B0066,主食,5
B0066,凉菜,16
B0066,凉菜,22
B0066,热菜,367
B0066,酒水,153
B0067,主食,14
B0067,凉菜,29
B0067,凉菜,41
B0067,热菜,216
B0067,酒水,24
B0068,主食,13
B0068,凉菜,38
B0068,凉菜,37
B0068,热菜,222
B0068,酒水,31
B0069,主食,3
B0069,凉菜,25
B0069,凉菜,15
B0069,热菜,377
B0069,酒水,194
B0070,主食,16
B0070,凉菜,22
B0070,凉菜,19
B0070,热菜,313
B0070,酒水,58
B0071,主食,18
B0071,凉菜,27
B0071,凉菜,16
B0071,热菜,196
B0071,酒水,24
B0072,主食,16
B0072,凉菜,19
B0072,凉菜,31
B0072,热菜,200
B0072,酒水,141
B0073,主食,14
B0073,凉菜,35
B0073,凉菜,34
B0073,热菜,213
B0073,酒水,102
B0074,主食,7
B0074,凉菜,26
B0074,凉菜,22
B0074,热菜,264
B0074,酒水,32
B0075,主食,8
B0075,凉菜,26
B0075,凉菜,28
B0075,热菜,324
B0075,酒水,101
B0076,主食,16
B0076,凉菜,38
B0076,凉菜,24
B0076,热菜,172
B0076,酒水,185
B0077,主食,4
B0077,凉菜,26
B0077,凉菜,14
B0077,热菜,106
B0077,酒水,62
B0078,主食,17
B0078,凉菜,26
B0078,凉菜,13
B0078,热菜,170
B0078,酒水,200
B0079,主食,2
B0079,凉菜,20
B0079,凉菜,36
B0079,热菜,181
B0079,酒水,140
B0080,主食,8
B0080,凉菜,42
B0080,凉菜,39
B0080,热菜,364
B0080,酒水,85
B0081,主食,11
B0081,凉菜,23
B0081,凉菜,12
B0081,热菜,138
B0081,酒水,63
B0082,主食,5
B0082,凉菜,41
B0082,凉菜,12
B0082,热菜,198
B0082,酒水,11
B0083,主食,15
B0083,凉菜,37
B0083,凉菜,29
B0083,热菜,261
B0083,酒水,64
B0084,主食,8
B0084,凉菜,30
B0084,凉菜,21
B0084,热菜,252
B0084,酒水,186
B0085,主食,11
B0085,凉菜,24
B0085,凉菜,23
B0085,热菜,180
B0085,酒水,25
B0086,主食,7
B0086,凉菜,21
B0086,凉菜,29
B0086,热菜,123
B0086,酒水,115
B0087,主食,15
B0087,凉菜,27
B0087,凉菜,37
B0087,热菜,304
B0087,酒水,69
B0088,主食,3
B0088,凉菜,42
B0088,凉菜,38
B0088,热菜,128
B0088,酒水,86
B0089,主食,2
B0089,凉菜,27
B0089,凉菜,28
B0089,热菜,369
B0089,酒水,51
B0090,主食,19
B0090,凉菜,26
B0090,凉菜,27
B0090,热菜,122
B0090,酒水,170
B0091,主食,9
B0091,凉菜,33
B0091,凉菜,42
B0091,热菜,199
B0091,酒水,47
B0092,主食,6
B0092,凉菜,23
B0092,凉菜,36
B0092,热菜,337
B0092,酒水,170
B0093,主食,3
B0093,凉菜,36
B0093,凉菜,14
B0093,热菜,365
B0093,酒水,60
B0094,主食,14
B0094,凉菜,42
B0094,凉菜,39
B0094,热菜,238
B0094,酒水,180
B0095,主食,13
B0095,凉菜,35
B0095,凉菜,26
B0095,热菜,353
B0095,酒水,30
B0096,主食,18
B0096,凉菜,13
B0096,凉菜,18
B0096,热菜,194
B0096,酒水,40
B0097,主食,11
B0097,凉菜,24
B0097,凉菜,20
B0097,热菜,247
B0097,酒水,39
B0098,主食,13
B0098,凉菜,35
B0098,凉菜,36
B0098,热菜,387
B0098,酒水,91
B0099,主食,9
B0099,凉菜,17
B0099,凉菜,21
B0099,热菜,199
B0099,酒水,179
B0100,主食,19
B0100,凉菜,22
B0100,凉菜,22
B0100,热菜,223
B0100,酒水,120
B0101,主食,5
B0101,凉菜,30
B0101,凉菜,24
B0101,热菜,92
B0101,酒水,158
B0102,主食,17
B0102,凉菜,20
B0102,凉菜,25
B0102,热菜,144
B0102,酒水,189
B0103,主食,15
B0103,凉菜,28
B0103,凉菜,22
B0103,热菜,199
B0103,酒水,176
B0104,主食,2
B0104,凉菜,17
B0104,凉菜,28
B0104,热菜,77
B0104,酒水,116
B0105,主食,12
B0105,凉菜,15
B0105,凉菜,42
B0105,热菜,159
B0105,酒水,134
B0106,主食,11
B0106,凉菜,27
B0106,凉菜,32
B0106,热菜,152
B0106,酒水,143
B0107,主食,11
B0107,凉菜,29
B0107,凉菜,25
B0107,热菜,77
B0107,酒水,153
B0108,主食,15
B0108,凉菜,30
B0108,凉菜,32
B0108,热菜,120
B0108,酒水,23
B0109,主食,3
B0109,凉菜,23
B0109,凉菜,26
B0109,热菜,326
B0109,酒水,131
B0110,主食,15
B0110,凉菜,25
B0110,凉菜,21
B0110,热菜,265
B0110,酒水,14
B0111,主食,10
B0111,凉菜,33
B0111,凉菜,42
B0111,热菜,92
B0111,酒水,112
B0112,主食,3
B0112,凉菜,32
B0112,凉菜,37
B0112,热菜,123
B0112,酒水,184
B0113,主食,11
B0113,凉菜,16
B0113,凉菜,20
B0113,热菜,241
B0113,酒水,92
B0114,主食,17
B0114,凉菜,20
B0114,凉菜,14
B0114,热菜,215
B0114,酒水,83
B0115,主食,17
B0115,凉菜,25
B0115,凉菜,21
B0115,热菜,367
B0115,酒水,156
B0116,主食,5
B0116,凉菜,39
B0116,凉菜,20
B0116,热菜,297
B0116,酒水,58
B0117,主食,2
B0117,凉菜,12
B0117,凉菜,18
B0117,热菜,360
B0117,酒水,73
B0118,主食,4
B0118,凉菜,21
B0118,凉菜,22
B0118,热菜,328
B0118,酒水,102
B0119,主食,13
B0119,凉菜,35
B0119,凉菜,39
B0119,热菜,264
B0119,酒水,74
B0120,主食,20
B0120,凉菜,19
B0120,凉菜,12
B0120,热菜,169
B0120,酒水,59
B0121,主食,12
B0121,凉菜,24
B0121,凉菜,20
B0121,热菜,195
B0121,酒水,84
B0122,主食,3
B0122,凉菜,37
B0122,凉菜,13
B0122,热菜,125
B0122,酒水,30
B0123,主食,2
B0123,凉菜,31
B0123,凉菜,36
B0123,热菜,168
B0123,酒水,147
B0124,主食,10
B0124,凉菜,36
B0124,凉菜,33
B0124,热菜,286
B0124,酒水,84
B0125,主食,6
B0125,凉菜,32
B0125,凉菜,38
B0125,热菜,113
B0125,酒水,180
B0126,主食,13
B0126,凉菜,32
B0126,凉菜,30
B0126,热菜,155
B0126,酒水,134
B0127,主食,18
B0127,凉菜,37
B0127,凉菜,23
B0127,热菜,112
B0127,酒水,169
B0128,主食,8
B0128,凉菜,22
B0128,凉菜,22
B0128,热菜,105
B0128,酒水,41
B0129,主食,6
B0129,凉菜,18
B0129,凉菜,31
B0129,热菜,336
B0129,酒水,51
B0130,主食,11
B0130,凉菜,14
B0130,凉菜,40
B0130,热菜,391
B0130,酒水,94
B0131,主食,3
B0131,凉菜,38
B0131,凉菜,32
B0131,热菜,91
B0131,酒水,31
B0132,主食,18
B0132,凉菜,14
B0132,凉菜,38
B0132,热菜,256
B0132,酒水,103
B0133,主食,8
B0133,凉菜,22
B0133,凉菜,20
B0133,热菜,146
B0133,酒水,163
B0134,主食,6
B0134,凉菜,15
B0134,凉菜,20
B0134,热菜,198
B0134,酒水,45
B0135,主食,16
B0135,凉菜,40
B0135,凉菜,28
B0135,热菜,161
B0135,酒水,46
B0136,主食,18
B0136,凉菜,35
B0136,凉菜,20
B0136,热菜,104
B0136,酒水,102
B0137,主食,8
B0137,凉菜,29
B0137,凉菜,35
B0137,热菜,379
B0137,酒水,193
B0138,主食,7
B0138,凉菜,24
B0138,凉菜,21
B0138,热菜,142
B0138,酒水,154
B0139,主食,8
B0139,凉菜,31
B0139,凉菜,13
B0139,热菜,367
B0139,酒水,82
B0140,主食,20
B0140,凉菜,25
B0140,凉菜,12
B0140,热菜,317
B0140,酒水,174
B0141,主食,17
B0141,凉菜,38
B0141,凉菜,17
B0141,热菜,301
B0141,酒水,160
B0142,主食,3
B0142,凉菜,26
B0142,凉菜,34
B0142,热菜,382
B0142,酒水,72
B0143,主食,6
B0143,凉菜,27
B0143,凉菜,42
B0143,热菜,254
B0143,酒水,111
B0144,主食,8
B0144,凉菜,28
B0144,凉菜,32
B0144,热菜,333
B0144,酒水,155
B0145,主食,13
B0145,凉菜,33
B0145,凉菜,42
B0145,热菜,135
B0145,酒水,167
B0146,主食,19
B0146,凉菜,22
B0146,凉菜,36
B0146,热菜,258
B0146,酒水,160
B0147,主食,16
B0147,凉菜,24
B0147,凉菜,42
B0147,热菜,178
B0147,酒水,128
B0148,主食,3
B0148,凉菜,39
B0148,凉菜,25
B0148,热菜,82
B0148,酒水,121
B0149,主食,16
B0149,凉菜,23
B0149,凉菜,32
B0149,热菜,287
B0149,酒水,118
B0150,主食,4
B0150,凉菜,22
B0150,凉菜,16
B0150,热菜,310
B0150,酒水,146
C0001,主食,10
C0001,凉菜,41
C0001,凉菜,29
C0001,热菜,81
C0001,酒水,139
C0002,主食,4
C0002,凉菜,38
C0002,凉菜,27
C0002,热菜,78
C0002,酒水,77
C0003,主食,12
C0003,凉菜,23
C0003,凉菜,18
C0003,热菜,168
C0003,酒水,78
C0004,主食,15
C0004,凉菜,33
C0004,凉菜,31
C0004,热菜,387
C0004,酒水,129
C0005,主食,10
C0005,凉菜,39
C0005,凉菜,31
C0005,热菜,324
C0005,酒水,145
C0006,主食,12
C0006,凉菜,37
C0006,凉菜,19
C0006,热菜,307
C0006,酒水,113
C0007,主食,4
C0007,凉菜,13
C0007,凉菜,41
C0007,热菜,166
C0007,酒水,91
C0008,主食,4
C0008,凉菜,13
C0008,凉菜,32
C0008,热菜,266
C0008,酒水,79
C0009,主食,19
C0009,凉菜,31
C0009,凉菜,42
C0009,热菜,218
C0009,酒水,99
C0010,主食,4
C0010,凉菜,34
C0010,凉菜,22
C0010,热菜,222
C0010,酒水,52
C0011,主食,12
C0011,凉菜,32
C0011,凉菜,23
C0011,热菜,279
C0011,酒水,127
C0012,主食,20
C0012,凉菜,21
C0012,凉菜,31
C0012,热菜,390
C0012,酒水,141
C0013,主食,6
C0013,凉菜,39
C0013,凉菜,24
C0013,热菜,300
C0013,酒水,48
C0014,主食,3
C0014,凉菜,26
C0014,凉菜,13
C0014,热菜,383
C0014,酒水,132
C0015,主食,11
C0015,凉菜,22
C0015,凉菜,23
C0015,热菜,145
C0015,酒水,165
C0016,主食,5
C0016,凉菜,35
C0016,凉菜,13
C0016,热菜,246
C0016,酒水,196
C0017,主食,9
C0017,凉菜,18
C0017,凉菜,39
C0017,热菜,245
C0017,酒水,149
C0018,主食,13
C0018,凉菜,13
C0018,凉菜,15
C0018,热菜,190
C0018,酒水,115
C0019,主食,18
C0019,凉菜,19
C0019,凉菜,13
C0019,热菜,337
C0019,酒水,144
C0020,主食,4
C0020,凉菜,21
C0020,凉菜,28
C0020,热菜,80
C0020,酒水,194
C0021,主食,15
C0021,凉菜,29
C0021,凉菜,34
C0021,热菜,269
C0021,酒水,19
C0022,主食,16
C0022,凉菜,36
C0022,凉菜,39
C0022,热菜,228
C0022,酒水,54
C0023,主食,6
C0023,凉菜,42
C0023,凉菜,19
C0023,热菜,231
C0023,酒水,106
C0024,主食,8
C0024,凉菜,18
C0024,凉菜,25
C0024,热菜,340
C0024,酒水,14
C0025,主食,14
C0025,凉菜,39
C0025,凉菜,38
C0025,热菜,332
C0025,酒水,136
C0026,主食,9
C0026,凉菜,28
C0026,凉菜,28
C0026,热菜,204
C0026,酒水,23
C0027,主食,14
C0027,凉菜,38
C0027,凉菜,37
C0027,热菜,187
C0027,酒水,152
C0028,主食,4
C0028,凉菜,18
C0028,凉菜,28
C0028,热菜,196
C0028,酒水,69
C0029,主食,13
C0029,凉菜,31
C0029,凉菜,14
C0029,热菜,367
C0029,酒水,180
C0030,主食,10
C0030,凉菜,33
C0030,凉菜,38
C0030,热菜,247
C0030,酒水,71
C0031,主食,13
C0031,凉菜,42
C0031,凉菜,33
C0031,热菜,319
C0031,酒水,179
C0032,主食,15
C0032,凉菜,32
C0032,凉菜,36
C0032,热菜,345
C0032,酒水,189
C0033,主食,10
C0033,凉菜,22
C0033,凉菜,38
C0033,热菜,332
C0033,酒水,90
C0034,主食,16
C0034,凉菜,32
C0034,凉菜,40
C0034,热菜,191
C0034,酒水,179
C0035,主食,12
C0035,凉菜,21
C0035,凉菜,39
C0035,热菜,329
C0035,酒水,138
C0036,主食,14
C0036,凉菜,33
C0036,凉菜,40
C0036,热菜,186
C0036,酒水,78
C0037,主食,7
C0037,凉菜,25
C0037,凉菜,24
C0037,热菜,155
C0037,酒水,160
C0038,主食,13
C0038,凉菜,33
C0038,凉菜,31
C0038,热菜,91
C0038,酒水,144
C0039,主食,18
C0039,凉菜,39
C0039,凉菜,19
C0039,热菜,160
C0039,酒水,11
C0040,主食,9
C0040,凉菜,16
C0040,凉菜,26
C0040,热菜,315
C0040,酒水,116
C0041,主食,20
C0041,凉菜,33
C0041,凉菜,34
C0041,热菜,141
C0041,酒水,71
C0042,主食,20
C0042,凉菜,42
C0042,凉菜,31
C0042,热菜,358
C0042,酒水,100
C0043,主食,18
C0043,凉菜,20
C0043,凉菜,16
C0043,热菜,181
C0043,酒水,69
C0044,主食,14
C0044,凉菜,19
C0044,凉菜,35
C0044,热菜,113
C0044,酒水,57
C0045,主食,10
C0045,凉菜,18
C0045,凉菜,41
C0045,热菜,383
C0045,酒水,119
C0046,主食,12
C0046,凉菜,33
C0046,凉菜,27
C0046,热菜,84
C0046,酒水,196
C0047,主食,8
C0047,凉菜,36
C0047,凉菜,34
C0047,热菜,165
C0047,酒水,98
C0048,主食,14
C0048,凉菜,33
C0048,凉菜,26
C0048,热菜,202
C0048,酒水,33
C0049,主食,18
C0049,凉菜,24
C0049,凉菜,33
C0049,热菜,350
C0049,酒水,11
C0050,主食,17
C0050,凉菜,28
C0050,凉菜,15
C0050,热菜,217
C0050,酒水,17
C0051,主食,6
C0051,凉菜,18
C0051,凉菜,34
C0051,热菜,352
C0051,酒水,154
C0052,主食,3
C0052,凉菜,23
C0052,凉菜,23
C0052,热菜,140
C0052,酒水,172
C0053,主食,15
C0053,凉菜,21
C0053,凉菜,32
C0053,热菜,150
C0053,酒水,64
C0054,主食,6
C0054,凉菜,40
C0054,凉菜,19
C0054,热菜,288
C0054,酒水,124
C0055,主食,3
C0055,凉菜,15
C0055,凉菜,28
C0055,热菜,262
C0055,酒水,116
C0056,主食,12
C0056,凉菜,17
C0056,凉菜,40
C0056,热菜,269
C0056,酒水,29
C0057,主食,3
C0057,凉菜,37
C0057,凉菜,25
C0057,热菜,193
C0057,酒水,130
C0058,主食,20
C0058,凉菜,25
C0058,凉菜,41
C0058,热菜,81
C0058,酒水,67
C0059,主食,8
C0059,凉菜,39
C0059,凉菜,41
C0059,热菜,259
C0059,酒水,58
C0060,主食,3
C0060,凉菜,17
C0060,凉菜,21
C0060,热菜,293
C0060,酒水,16
C0061,主食,20
C0061,凉菜,22
C0061,凉菜,16
C0061,热菜,169
C0061,酒水,96
C0062,主食,7
C0062,凉菜,29
C0062,凉菜,20
C0062,热菜,236
C0062,酒水,10
C0063,主食,14
C0063,凉菜,16
C0063,凉菜,30
C0063,热菜,367
C0063,酒水,110
C0064,主食,15
C0064,凉菜,25
C0064,凉菜,13
C0064,热菜,259
C0064,酒水,103
C0065,主食,9
C0065,凉菜,21
C0065,凉菜,16
C0065,热菜,237
C0065,酒水,167
C0066,主食,15
C0066,凉菜,36
C0066,凉菜,18
C0066,热菜,378
C0066,酒水,174
C0067,主食,6
C0067,凉菜,31
C0067,凉菜,26
C0067,热菜,147
C0067,酒水,196
C0068,主食,2
C0068,凉菜,13
C0068,凉菜,19
C0068,热菜,355
C0068,酒水,84
C0069,主食,6
C0069,凉菜,20
C0069,凉菜,25
C0069,热菜,345
C0069,酒水,74
C0070,主食,10
C0070,凉菜,40
C0070,凉菜,42
C0070,热菜,145
C0070,酒水,32
C0071,主食,11
C0071,凉菜,25
C0071,凉菜,23
C0071,热菜,365
C0071,酒水,193
C0072,主食,15
C0072,凉菜,21
C0072,凉菜,40
C0072,热菜,117
C0072,酒水,19
C0073,主食,9
C0073,凉菜,30
C0073,凉菜,31
C0073,热菜,153
C0073,酒水,191
C0074,主食,10
C0074,凉菜,42
C0074,凉菜,32
C0074,热菜,381
C0074,酒水,31
C0075,主食,12
C0075,凉菜,15
C0075,凉菜,30
C0075,热菜,315
C0075,酒水,96
C0076,主食,16
C0076,凉菜,24
C0076,凉菜,31
C0076,热菜,157
C0076,酒水,152
C0077,主食,12
C0077,凉菜,23
C0077,凉菜,15
C0077,热菜,180
C0077,酒水,172
C0078,主食,10
C0078,凉菜,41
C0078,凉菜,41
C0078,热菜,284
C0078,酒水,188
C0079,主食,13
C0079,凉菜,38
C0079,凉菜,29
C0079,热菜,76
C0079,酒水,176
C0080,主食,9
C0080,凉菜,38
C0080,凉菜,27
C0080,热菜,108
C0080,酒水,106
C0081,主食,7
C0081,凉菜,22
C0081,凉菜,29
C0081,热菜,304
C0081,酒水,183
C0082,主食,15
C0082,凉菜,15
C0082,凉菜,28
C0082,热菜,231
C0082,酒水,59
C0083,主食,12
C0083,凉菜,40
C0083,凉菜,32
C0083,热菜,242
C0083,酒水,152
C0084,主食,12
C0084,凉菜,29
C0084,凉菜,38
C0084,热菜,378
C0084,酒水,84
C0085,主食,17
C0085,凉菜,38
C0085,凉菜,19
C0085,热菜,360
C0085,酒水,188
C0086,主食,8
C0086,凉菜,31
C0086,凉菜,13
C0086,热菜,207
C0086,酒水,74
C0087,主食,17
C0087,凉菜,18
C0087,凉菜,18
C0087,热菜,174
C0087,酒水,30
C0088,主食,13
C0088,凉菜,30
C0088,凉菜,18
C0088,热菜,313
C0088,酒水,37
C0089,主食,10
C0089,凉菜,24
C0089,凉菜,35
C0089,热菜,167
C0089,酒水,82
C0090,主食,6
C0090,凉菜,21
C0090,凉菜,42
C0090,热菜,207
C0090,酒水,194
C0091,主食,12
C0091,凉菜,15
C0091,凉菜,28
C0091,热菜,283
C0091,酒水,96
C0092,主食,12
C0092,凉菜,40
C0092,凉菜,42
C0092,热菜,307
C0092,酒水,33
C0093,主食,20
C0093,凉菜,24
C0093,凉菜,41
C0093,热菜,236
C0093,酒水,8
C0094,主食,20
C0094,凉菜,41
C0094,凉菜,22
C0094,热菜,129
C0094,酒水,59
C0095,主食,6
C0095,凉菜,22
C0095,凉菜,21
C0095,热菜,107
C0095,酒水,105
C0096,主食,2
C0096,凉菜,15
C0096,凉菜,33
C0096,热菜,106
C0096,酒水,75
C0097,主食,19
C0097,凉菜,20
C0097,凉菜,20
C0097,热菜,213
C0097,酒水,56
C0098,主食,11
C0098,凉菜,32
C0098,凉菜,26
C0098,热菜,198
C0098,酒水,140
C0099,主食,9
C0099,凉菜,20
C0099,凉菜,37
C0099,热菜,234
C0099,酒水,155
C0100,主食,5
C0100,凉菜,21
C0100,凉菜,34
C0100,热菜,217
C0100,酒水,88
C0101,主食,14
C0101,凉菜,39
C0101,凉菜,29
C0101,热菜,173
C0101,酒水,147
C0102,主食,16
C0102,凉菜,22
C0102,凉菜,28
C0102,热菜,233
C0102,酒水,187
C0103,主食,4
C0103,凉菜,34
C0103,凉菜,35
C0103,热菜,378
C0103,酒水,71
C0104,主食,14
C0104,凉菜,31
C0104,凉菜,14
C0104,热菜,324
C0104,酒水,162
C0105,主食,3
C0105,凉菜,26
C0105,凉菜,21
C0105,热菜,200
C0105,酒水,50
C0106,主食,5
C0106,凉菜,30
C0106,凉菜,31
C0106,热菜,283
C0106,酒水,23
C0107,主食,12
C0107,凉菜,16
C0107,凉菜,35
C0107,热菜,138
C0107,酒水,104
C0108,主食,8
C0108,凉菜,42
C0108,凉菜,37
C0108,热菜,151
C0108,酒水,57
C0109,主食,12
C0109,凉菜,40
C0109,凉菜,31
C0109,热菜,96
C0109,酒水,167
C0110,主食,10
C0110,凉菜,35
C0110,凉菜,36
C0110,热菜,181
C0110,酒水,94
C0111,主食,10
C0111,凉菜,29
C0111,凉菜,12
C0111,热菜,125
C0111,酒水,139
C0112,主食,13
C0112,凉菜,18
C0112,凉菜,20
C0112,热菜,154
C0112,酒水,123
C0113,主食,6
C0113,凉菜,32
C0113,凉菜,15
C0113,热菜,155
C0113,酒水,153
C0114,主食,18
C0114,凉菜,41
C0114,凉菜,36
C0114,热菜,399
C0114,酒水,18
C0115,主食,19
C0115,凉菜,12
C0115,凉菜,22
C0115,热菜,248
C0115,酒水,34
C0116,主食,11
C0116,凉菜,25
C0116,凉菜,35
C0116,热菜,112
C0116,酒水,123
C0117,主食,9
C0117,凉菜,30
C0117,凉菜,26
C0117,热菜,251
C0117,酒水,111
C0118,主食,13
C0118,凉菜,42
C0118,凉菜,36
C0118,热菜,139
C0118,酒水,142
C0119,主食,6
C0119,凉菜,18
C0119,凉菜,28
C0119,热菜,354
C0119,酒水,95
C0120,主食,5
C0120,凉菜,36
C0120,凉菜,20
C0120,热菜,204
C0120,酒水,90
C0121,主食,6
C0121,凉菜,39
C0121,凉菜,19
C0121,热菜,245
C0121,酒水,17
C0122,主食,9
C0122,凉菜,30
C0122,凉菜,14
C0122,热菜,344
C0122,酒水,118
C0123,主食,18
C0123,凉菜,17
C0123,凉菜,33
C0123,热菜,238
C0123,酒水,44
C0124,主食,18
C0124,凉菜,19
C0124,凉菜,21
C0124,热菜,270
C0124,酒水,79
C0125,主食,10
C0125,凉菜,24
C0125,凉菜,20
C0125,热菜,177
C0125,酒水,136
C0126,主食,6
C0126,凉菜,40
C0126,凉菜,16
C0126,热菜,211
C0126,酒水,187
C0127,主食,17
C0127,凉菜,27
C0127,凉菜,27
C0127,热菜,299
C0127,酒水,51
C0128,主食,7
C0128,凉菜,14
C0128,凉菜,40
C0128,热菜,132
C0128,酒水,123
C0129,主食,7
C0129,凉菜,32
C0129,凉菜,32
C0129,热菜,116
C0129,酒水,188
C0130,主食,10
C0130,凉菜,27
C0130,凉菜,39
C0130,热菜,182
C0130,酒水,169
C0131,主食,9
C0131,凉菜,21
C0131,凉菜,23
C0131,热菜,129
C0131,酒水,195
C0132,主食,9
C0132,凉菜,21
C0132,凉菜,36
C0132,热菜,173
C0132,酒水,98
C0133,主食,11
C0133,凉菜,17
C0133,凉菜,39
C0133,热菜,139
C0133,酒水,108
C0134,主食,5
C0134,凉菜,31
C0134,凉菜,29
C0134,热菜,117
C0134,酒水,175
D0001,主食,10
D0001,凉菜,42
D0001,凉菜,32
D0001,热菜,183
D0001,酒水,15
D0002,主食,10
D0002,凉菜,18
D0002,凉菜,20
D0002,热菜,133
D0002,酒水,199
D0003,主食,7
D0003,凉菜,16
D0003,凉菜,25
D0003,热菜,141
D0003,酒水,197
D0004,主食,8
D0004,凉菜,41
D0004,凉菜,17
D0004,热菜,220
D0004,酒水,195
D0005,主食,18
D0005,凉菜,24
D0005,凉菜,16
D0005,热菜,286
D0005,酒水,55
D0006,主食,19
D0006,凉菜,34
D0006,凉菜,35
D0006,热菜,344
D0006,酒水,91
D0007,主食,4
D0007,凉菜,35
D0007,凉菜,35
D0007,热菜,275
D0007,酒水,18
D0008,主食,11
D0008,凉菜,30
D0008,凉菜,12
D0008,热菜,339
D0008,酒水,69
D0009,主食,14
D0009,凉菜,35
D0009,凉菜,27
D0009,热菜,231
D0009,酒水,92
D0010,主食,9
D0010,凉菜,32
D0010,凉菜,32
D0010,热菜,247
D0010,酒水,184
D0011,主食,8
D0011,凉菜,38
D0011,凉菜,40
D0011,热菜,339
D0011,酒水,166
D0012,主食,18
D0012,凉菜,12
D0012,凉菜,26
D0012,热菜,173
D0012,酒水,200
D0013,主食,6
D0013,凉菜,39
D0013,凉菜,36
D0013,热菜,388
D0013,酒水,43
D0014,主食,19
D0014,凉菜,26
D0014,凉菜,25
D0014,热菜,174
D0014,酒水,180
D0015,主食,5
D0015,凉菜,24
D0015,凉菜,27
D0015,热菜,187
D0015,酒水,48
D0016,主食,6
D0016,凉菜,28
D0016,凉菜,17
D0016,热菜,396
D0016,酒水,100
D0017,主食,20
D0017,凉菜,21
D0017,凉菜,26
D0017,热菜,237
D0017,酒水,38
D0018,主食,18
D0018,凉菜,32
D0018,凉菜,34
D0018,热菜,222
D0018,酒水,43
D0019,主食,16
D0019,凉菜,36
D0019,凉菜,41
D0019,热菜,81
D0019,酒水,25
D0020,主食,17
D0020,凉菜,39
D0020,凉菜,33
D0020,热菜,127
D0020,酒水,118
D0021,主食,2
D0021,凉菜,24
D0021,凉菜,18
D0021,热菜,84
D0021,酒水,15
D0022,主食,14
D0022,凉菜,42
D0022,凉菜,13
D0022,热菜,129
D0022,酒水,69
D0023,主食,20
D0023,凉菜,29
D0023,凉菜,31
D0023,热菜,210
D0023,酒水,155
D0024,主食,12
D0024,凉菜,22
D0024,凉菜,21
D0024,热菜,284
D0024,酒水,102
D0025,主食,3
D0025,凉菜,37
D0025,凉菜,32
D0025,热菜,153
D0025,酒水,12
D0026,主食,11
D0026,凉菜,21
D0026,凉菜,32
D0026,热菜,343
D0026,酒水,74
D0027,主食,2
D0027,凉菜,30
D0027,凉菜,21
D0027,热菜,344
D0027,酒水,85
D0028,主食,11
D0028,凉菜,33
D0028,凉菜,38
D0028,热菜,254
D0028,酒水,197
D0029,主食,6
D0029,凉菜,16
D0029,凉菜,29
D0029,热菜,124
D0029,酒水,184
D0030,主食,13
D0030,凉菜,28
D0030,凉菜,18
D0030,热菜,325
D0030,酒水,175
D0031,主食,20
D0031,凉菜,14
D0031,凉菜,29
D0031,热菜,249
D0031,酒水,169
D0032,主食,17
D0032,凉菜,14
D0032,凉菜,19
D0032,热菜,121
D0032,酒水,145
D0033,主食,9
D0033,凉菜,14
D0033,凉菜,32
D0033,热菜,238
D0033,酒水,26
D0034,主食,10
D0034,凉菜,27
D0034,凉菜,20
D0034,热菜,330
D0034,酒水,188
D0035,主食,8
D0035,凉菜,19
D0035,凉菜,34
D0035,热菜,147
D0035,酒水,11
D0036,主食,9
D0036,凉菜,29
D0036,凉菜,13
D0036,热菜,343
D0036,酒水,163
D0037,主食,10
D0037,凉菜,37
D0037,凉菜,34
D0037,热菜,219
D0037,酒水,171
D0038,主食,13
D0038,凉菜,25
D0038,凉菜,35
D0038,热菜,104
D0038,酒水,116
D0039,主食,17
D0039,凉菜,15
D0039,凉菜,16
D0039,热菜,279
D0039,酒水,49
D0040,主食,14
D0040,凉菜,14
D0040,凉菜,36
D0040,热菜,195
D0040,酒水,78
D0041,主食,14
D0041,凉菜,34
D0041,凉菜,23
D0041,热菜,351
D0041,酒水,76
D0042,主食,12
D0042,凉菜,24
D0042,凉菜,32
D0042,热菜,213
D0042,酒水,70
D0043,主食,6
D0043,凉菜,27
D0043,凉菜,24
D0043,热菜,392
D0043,酒水,197
D0044,主食,20
D0044,凉菜,32
D0044,凉菜,19
D0044,热菜,287
D0044,酒水,72
D0045,主食,12
D0045,凉菜,16
D0045,凉菜,27
D0045,热菜,185
D0045,酒水,177
D0046,主食,12
D0046,凉菜,26
D0046,凉菜,38
D0046,热菜,153
D0046,酒水,29
D0047,主食,19
D0047,凉菜,24
D0047,凉菜,37
D0047,热菜,187
D0047,酒水,110
D0048,主食,20
D0048,凉菜,18
D0048,凉菜,41
D0048,热菜,89
D0048,酒水,22
D0049,主食,16
D0049,凉菜,21
D0049,凉菜,26
D0049,热菜,83
D0049,酒水,15
D0050,主食,16
D0050,凉菜,18
D0050,凉菜,32
D0050,热菜,377
D0050,酒水,173
D0051,主食,16
D0051,凉菜,18
D0051,凉菜,36
D0051,热菜,82
D0051,酒水,178
D0052,主食,9
D0052,凉菜,24
D0052,凉菜,31
D0052,热菜,335
D0052,酒水,128
D0053,主食,19
D0053,凉菜,32
D0053,凉菜,22
D0053,热菜,283
D0053,酒水,166
D0054,主食,9
D0054,凉菜,33
D0054,凉菜,33
D0054,热菜,387
D0054,酒水,176
D0055,主食,15
D0055,凉菜,22
D0055,凉菜,34
D0055,热菜,119
D0055,酒水,18
D0056,主食,17
D0056,凉菜,32
D0056,凉菜,16
D0056,热菜,263
D0056,酒水,105
D0057,主食,14
D0057,凉菜,41
D0057,凉菜,30
D0057,热菜,103
D0057,酒水,17
D0058,主食,13
D0058,凉菜,39
D0058,凉菜,12
D0058,热菜,159
D0058,酒水,102
D0059,主食,11
D0059,凉菜,42
D0059,凉菜,39
D0059,热菜,124
D0059,酒水,168
D0060,主食,14
D0060,凉菜,40
D0060,凉菜,15
D0060,热菜,180
D0060,酒水,23
D0061,主食,20
D0061,凉菜,12
D0061,凉菜,17
D0061,热菜,362
D0061,酒水,31
D0062,主食,16
D0062,凉菜,29
D0062,凉菜,41
D0062,热菜,146
D0062,酒水,41
D0063,主食,2
D0063,凉菜,33
D0063,凉菜,36
D0063,热菜,195
D0063,酒水,166
D0064,主食,20
D0064,凉菜,32
D0064,凉菜,16
D0064,热菜,291
D0064,酒水,50
D0065,主食,10
D0065,凉菜,35
D0065,凉菜,24
D0065,热菜,263
D0065,酒水,153
D0066,主食,19
D0066,凉菜,37
D0066,凉菜,41
D0066,热菜,170
D0066,酒水,91
D0067,主食,17
D0067,凉菜,25
D0067,凉菜,37
D0067,热菜,176
D0067,酒水,102
D0068,主食,5
D0068,凉菜,19
D0068,凉菜,20
D0068,热菜,341
D0068,酒水,63
D0069,主食,2
D0069,凉菜,21
D0069,凉菜,32
D0069,热菜,118
D0069,酒水,200
D0070,主食,17
D0070,凉菜,33
D0070,凉菜,39
D0070,热菜,311
D0070,酒水,134
D0071,主食,14
D0071,凉菜,12
D0071,凉菜,23
D0071,热菜,343
D0071,酒水,147
D0072,主食,7
D0072,凉菜,37
D0072,凉菜,29
D0072,热菜,276
D0072,酒水,183
D0073,主食,13
D0073,凉菜,42
D0073,凉菜,32
D0073,热菜,295
D0073,酒水,99
D0074,主食,8
D0074,凉菜,16
D0074,凉菜,26
D0074,热菜,120
D0074,酒水,67
D0075,主食,5
D0075,凉菜,37
D0075,凉菜,32
D0075,热菜,217
D0075,酒水,37
D0076,主食,9
D0076,凉菜,22
D0076,凉菜,35
D0076,热菜,321
D0076,酒水,164
D0077,主食,3
D0077,凉菜,35
D0077,凉菜,37
D0077,热菜,238
D0077,酒水,132
D0078,主食,10
D0078,凉菜,21
D0078,凉菜,15
D0078,热菜,392
D0078,酒水,130
D0079,主食,12
D0079,凉菜,39
D0079,凉菜,32
D0079,热菜,224
D0079,酒水,123
D0080,主食,19
D0080,凉菜,30
D0080,凉菜,26
D0080,热菜,332
D0080,酒水,100
D0081,主食,11
D0081,凉菜,17
D0081,凉菜,39
D0081,热菜,172
D0081,酒水,174
D0082,主食,14
D0082,凉菜,38
D0082,凉菜,36
D0082,热菜,104
D0082,酒水,44
D0083,主食,13
D0083,凉菜,34
D0083,凉菜,12
D0083,热菜,336
D0083,酒水,84
D0084,主食,2
D0084,凉菜,25
D0084,凉菜,37
D0084,热菜,285
D0084,酒水,133
D0085,主食,15
D0085,凉菜,25
D0085,凉菜,16
D0085,热菜,389
D0085,酒水,57
D0086,主食,8
D0086,凉菜,40
D0086,凉菜,34
D0086,热菜,393
D0086,酒水,78
D0087,主食,15
D0087,凉菜,42
D0087,凉菜,41
D0087,热菜,139
D0087,酒水,165
D0088,主食,7
D0088,凉菜,30
D0088,凉菜,26
D0088,热菜,83
D0088,酒水,173
D0089,主食,9
D0089,凉菜,21
D0089,凉菜,14
D0089,热菜,320
D0089,酒水,130
D0090,主食,6
D0090,凉菜,24
D0090,凉菜,27
D0090,热菜,91
D0090,酒水,41
E0001,主食,13
E0001,凉菜,27
E0001,凉菜,25
E0001,热菜,221
E0001,酒水,101
E0002,主食,9
E0002,凉菜,24
E0002,凉菜,27
E0002,热菜,81
E0002,酒水,147
E0003,主食,4
E0003,凉菜,28
E0003,凉菜,31
E0003,热菜,317
E0003,酒水,29
E0004,主食,6
E0004,凉菜,36
E0004,凉菜,32
E0004,热菜,339
E0004,酒水,105
E0005,主食,7
E0005,凉菜,24
E0005,凉菜,18
E0005,热菜,99
E0005,酒水,22
E0006,主食,18
E0006,凉菜,15
E0006,凉菜,24
E0006,热菜,171
E0006,酒水,187
E0007,主食,12
E0007,凉菜,41
E0007,凉菜,12
E0007,热菜,325
E0007,酒水,23
E0008,主食,3
E0008,凉菜,18
E0008,凉菜,35
E0008,热菜,320
E0008,酒水,136
E0009,主食,6
E0009,凉菜,17
E0009,凉菜,18
E0009,热菜,365
E0009,酒水,154
E0010,主食,2
E0010,凉菜,38
E0010,凉菜,12
E0010,热菜,323
E0010,酒水,62
E0011,主食,11
E0011,凉菜,17
E0011,凉菜,33
E0011,热菜,357
E0011,酒水,116
E0012,主食,8
E0012,凉菜,38
E0012,凉菜,23
E0012,热菜,201
E0012,酒水,160
E0013,主食,13
E0013,凉菜,28
E0013,凉菜,30
E0013,热菜,395
E0013,酒水,43
E0014,主食,14
E0014,凉菜,18
E0014,凉菜,24
E0014,热菜,120
E0014,酒水,186
E0015,主食,17
E0015,凉菜,18
E0015,凉菜,31
E0015,热菜,142
E0015,酒水,38
E0016,主食,3
E0016,凉菜,15
E0016,凉菜,13
E0016,热菜,134
E0016,酒水,82
E0017,主食,11
E0017,凉菜,16
E0017,凉菜,14
E0017,热菜,250
E0017,酒水,134
E0018,主食,19
E0018,凉菜,38
E0018,凉菜,23
E0018,热菜,340
E0018,酒水,41
E0019,主食,17
E0019,凉菜,33
E0019,凉菜,18
E0019,热菜,151
E0019,酒水,161
E0020,主食,7
E0020,凉菜,40
E0020,凉菜,17
E0020,热菜,230
E0020,酒水,168
E0021,主食,14
E0021,凉菜,38
E0021,凉菜,19
E0021,热菜,131
E0021,酒水,180
E0022,主食,10
E0022,凉菜,29
E0022,凉菜,29
E0022,热菜,252
E0022,酒水,122
E0023,主食,9
E0023,凉菜,21
E0023,凉菜,15
E0023,热菜,380
E0023,酒水,200
E0024,主食,19
E0024,凉菜,42
E0024,凉菜,27
E0024,热菜,344
E0024,酒水,197
E0025,主食,19
E0025,凉菜,15
E0025,凉菜,33
E0025,热菜,108
E0025,酒水,103
E0026,主食,13
E0026,凉菜,20
E0026,凉菜,19
E0026,热菜,377
E0026,酒水,97
E0027,主食,18
E0027,凉菜,30
E0027,凉菜,35
E0027,热菜,78
E0027,酒水,167
E0028,主食,11
E0028,凉菜,42
E0028,凉菜,29
E0028,热菜,285
E0028,酒水,140
E0029,主食,10
E0029,凉菜,24
E0029,凉菜,20
E0029,热菜,255
E0029,酒水,133
E0030,主食,18
E0030,凉菜,26
E0030,凉菜,20
E0030,热菜,145
E0030,酒水,149
E0031,主食,19
E0031,凉菜,24
E0031,凉菜,12
E0031,热菜,161
E0031,酒水,190
E0032,主食,6
E0032,凉菜,31
E0032,凉菜,12
E0032,热菜,233
E0032,酒水,67
E0033,主食,20
E0033,凉菜,23
E0033,凉菜,19
E0033,热菜,262
E0033,酒水,124
E0034,主食,11
E0034,凉菜,38
E0034,凉菜,14
E0034,热菜,150
E0034,酒水,185
E0035,主食,17
E0035,凉菜,33
E0035,凉菜,40
E0035,热菜,77
E0035,酒水,110
E0036,主食,17
E0036,凉菜,39
E0036,凉菜,38
E0036,热菜,246
E0036,酒水,190
E0037,主食,20
E0037,凉菜,18
E0037,凉菜,40
E0037,热菜,260
E0037,酒水,24
E0038,主食,3
E0038,凉菜,21
E0038,凉菜,19
E0038,热菜,365
E0038,酒水,132
E0039,主食,14
E0039,凉菜,38
E0039,凉菜,41
E0039,热菜,387
E0039,酒水,102
E0040,主食,11
E0040,凉菜,36
E0040,凉菜,26
E0040,热菜,117
E0040,酒水,162
E0041,主食,18
E0041,凉菜,33
E0041,凉菜,34
E0041,热菜,95
E0041,酒水,122
E0042,主食,8
E0042,凉菜,26
E0042,凉菜,27
E0042,热菜,152
E0042,酒水,195
E0043,主食,9
E0043,凉菜,19
E0043,凉菜,41
E0043,热菜,279
E0043,酒水,193
E0044,主食,14
E0044,凉菜,19
E0044,凉菜,25
E0044,热菜,309
E0044,酒水,85
E0045,主食,18
E0045,凉菜,25
E0045,凉菜,20
E0045,热菜,298
E0045,酒水,35
E0046,主食,19
E0046,凉菜,38
E0046,凉菜,18
E0046,热菜,101
E0046,酒水,161
E0047,主食,4
E0047,凉菜,32
E0047,凉菜,14
E0047,热菜,277
E0047,酒水,96
E0048,主食,5
E0048,凉菜,38
E0048,凉菜,35
E0048,热菜,172
E0048,酒水,49
E0049,主食,12
E0049,凉菜,19
E0049,凉菜,17
E0049,热菜,284
E0049,酒水,109
E0050,主食,20
E0050,凉菜,22
E0050,凉菜,40
E0050,热菜,250
E0050,酒水,68
E0051,主食,15
E0051,凉菜,19
E0051,凉菜,29
E0051,热菜,267
E0051,酒水,36
E0052,主食,5
E0052,凉菜,41
E0052,凉菜,34
E0052,热菜,274
E0052,酒水,194
E0053,主食,17
E0053,凉菜,28
E0053,凉菜,35
E0053,热菜,77
E0053,酒水,176
E0054,主食,10
E0054,凉菜,19
E0054,凉菜,33
E0054,热菜,240
E0054,酒水,119
E0055,主食,6
E0055,凉菜,30
E0055,凉菜,31
E0055,热菜,143
E0055,酒水,13
E0056,主食,12
E0056,凉菜,26
E0056,凉菜,26
E0056,热菜,219
E0056,酒水,137
E0057,主食,13
E0057,凉菜,26
E0057,凉菜,22
E0057,热菜,323
E0057,酒水,76
E0058,主食,5
E0058,凉菜,29
E0058,凉菜,34
E0058,热菜,400
E0058,酒水,89
E0059,主食,7
E0059,凉菜,20
E0059,凉菜,24
E0059,热菜,116
E0059,酒水,103
E0060,主食,19
E0060,凉菜,14
E0060,凉菜,38
E0060,热菜,353
E0060,酒水,48
E0061,主食,7
E0061,凉菜,42
E0061,凉菜,12
E0061,热菜,261
E0061,酒水,136
E0062,主食,8
E0062,凉菜,28
E0062,凉菜,42
E0062,热菜,163
E0062,酒水,116
E0063,主食,11
E0063,凉菜,22
E0063,凉菜,24
E0063,热菜,311
E0063,酒水,166
E0064,主食,9
E0064,凉菜,15
E0064,凉菜,38
E0064,热菜,114
E0064,酒水,155
E0065,主食,19
E0065,凉菜,34
E0065,凉菜,31
E0065,热菜,93
E0065,酒水,182
E0066,主食,13
E0066,凉菜,41
E0066,凉菜,14
E0066,热菜,180
E0066,酒水,128
E0067,主食,13
E0067,凉菜,17
E0067,凉菜,21
E0067,热菜,389
E0067,酒水,164
E0068,主食,6
E0068,凉菜,36
E0068,凉菜,39
E0068,热菜,120
E0068,酒水,91
E0069,主食,20
E0069,凉菜,24
E0069,凉菜,15
E0069,热菜,155
E0069,酒水,52
E0070,主食,11
E0070,凉菜,36
E0070,凉菜,35
E0070,热菜,196
E0070,酒水,145
E0071,主食,15
E0071,凉菜,27
E0071,凉菜,41
E0071,热菜,297
E0071,酒水,199
E0072,主食,14
E0072,凉菜,13
E0072,凉菜,25
E0072,热菜,295
E0072,酒水,195
E0073,主食,13
E0073,凉菜,26
E0073,凉菜,19
E0073,热菜,328
E0073,酒水,24
E0074,主食,17
E0074,凉菜,36
E0074,凉菜,19
E0074,热菜,266
E0074,酒水,176
E0075,主食,19
E0075,凉菜,35
E0075,凉菜,31
E0075,热菜,126
E0075,酒水,78
E0076,主食,7
E0076,凉菜,34
E0076,凉菜,24
E0076,热菜,395
E0076,酒水,137
E0077,主食,7
E0077,凉菜,28
E0077,凉菜,29
E0077,热菜,339
E0077,酒水,104
E0078,主食,5
E0078,凉菜,41
E0078,凉菜,26
E0078,热菜,202
E0078,酒水,76
E0079,主食,8
E0079,凉菜,32
E0079,凉菜,27
E0079,热菜,307
E0079,酒水,115
E0080,主食,2
E0080,凉菜,15
E0080,凉菜,23
E0080,热菜,282
E0080,酒水,189
E0081,主食,11
E0081,凉菜,34
E0081,凉菜,22
E0081,热菜,219
E0081,酒水,18
E0082,主食,5
E0082,凉菜,37
E0082,凉菜,32
E0082,热菜,217
E0082,酒水,131
E0083,主食,12
E0083,凉菜,27
E0083,凉菜,19
E0083,热菜,185
E0083,酒水,143
E0084,主食,9
E0084,凉菜,15
E0084,凉菜,40
E0084,热菜,227
E0084,酒水,173
E0085,主食,3
E0085,凉菜,28
E0085,凉菜,26
E0085,热菜,279
E0085,酒水,171
E0086,主食,16
E0086,凉菜,25
E0086,凉菜,12
E0086,热菜,147
E0086,酒水,64
E0087,主食,6
E0087,凉菜,20
E0087,凉菜,17
E0087,热菜,303
E0087,酒水,76
E0088,主食,6
E0088,凉菜,39
E0088,凉菜,29
E0088,热菜,164
E0088,酒水,132
E0089,主食,15
E0089,凉菜,16
E0089,凉菜,37
E0089,热菜,366
E0089,酒水,50
E0090,主食,8
E0090,凉菜,28
E0090,凉菜,36
E0090,热菜,137
E0090,酒水,45
E0091,主食,6
E0091,凉菜,38
E0091,凉菜,36
E0091,热菜,208
E0091,酒水,177
E0092,主食,20
E0092,凉菜,12
E0092,凉菜,32
E0092,热菜,216
E0092,酒水,21
E0093,主食,16
E0093,凉菜,25
E0093,凉菜,32
E0093,热菜,181
E0093,酒水,99
E0094,主食,16
E0094,凉菜,16
E0094,凉菜,26
E0094,热菜,244
E0094,酒水,68
E0095,主食,8
E0095,凉菜,12
E0095,凉菜,19
E0095,热菜,372
E0095,酒水,184
E0096,主食,3
E0096,凉菜,25
E0096,凉菜,13
E0096,热菜,352
E0096,酒水,46
E0097,主食,3
E0097,凉菜,19
E0097,凉菜,33
E0097,热菜,76
E0097,酒水,133
E0098,主食,19
E0098,凉菜,12
E0098,凉菜,14
E0098,热菜,263
E0098,酒水,91
E0099,主食,19
E0099,凉菜,13
E0099,凉菜,28
E0099,热菜,202
E0099,酒水,33
E0100,主食,9
E0100,凉菜,30
E0100,凉菜,30
E0100,热菜,271
E0100,酒水,89
E0101,主食,8
E0101,凉菜,37
E0101,凉菜,37
E0101,热菜,302
E0101,酒水,89
E0102,主食,8
E0102,凉菜,29
E0102,凉菜,29
E0102,热菜,128
E0102,酒水,51
E0103,主食,14
E0103,凉菜,20
E0103,凉菜,23
E0103,热菜,345
E0103,酒水,65
E0104,主食,12
E0104,凉菜,31
E0104,凉菜,39
E0104,热菜,199
E0104,酒水,37
E0105,主食,6
E0105,凉菜,18
E0105,凉菜,40
E0105,热菜,195
E0105,酒水,125
E0106,主食,20
E0106,凉菜,39
E0106,凉菜,28
E0106,热菜,87
E0106,酒水,171
E0107,主食,14
E0107,凉菜,36
E0107,凉菜,13
E0107,热菜,111
E0107,酒水,19
E0108,主食,13
E0108,凉菜,38
E0108,凉菜,29
E0108,热菜,177
E0108,酒水,172
E0109,主食,14
E0109,凉菜,41
E0109,凉菜,32
E0109,热菜,387
E0109,酒水,196
E0110,主食,18
E0110,凉菜,33
E0110,凉菜,27
E0110,热菜,179
E0110,酒水,110
E0111,主食,9
E0111,凉菜,35
E0111,凉菜,38
E0111,热菜,246
E0111,酒水,65
E0112,主食,17
E0112,凉菜,30
E0112,凉菜,18
E0112,热菜,132
E0112,酒水,188
E0113,主食,2
E0113,凉菜,29
E0113,凉菜,26
E0113,热菜,192
E0113,酒水,197
E0114,主食,4
E0114,凉菜,13
E0114,凉菜,18
E0114,热菜,381
E0114,酒水,121
E0115,主食,17
E0115,凉菜,34
E0115,凉菜,41
E0115,热菜,287
E0115,酒水,172
E0116,主食,7
E0116,凉菜,36
E0116,凉菜,36
E0116,热菜,251
E0116,酒水,109
E0117,主食,3
E0117,凉菜,25
E0117,凉菜,26
E0117,热菜,217
E0117,酒水,62
E0118,主食,16
E0118,凉菜,28
E0118,凉菜,24
E0118,热菜,201
E0118,酒水,157
E0119,主食,2
E0119,凉菜,39
E0119,凉菜,19
E0119,热菜,197
E0119,酒水,109
E0120,主食,19
E0120,凉菜,20
E0120,凉菜,28
E0120,热菜,115
E0120,酒水,149
E0121,主食,9
E0121,凉菜,23
E0121,凉菜,38
E0121,热菜,111
E0121,酒水,172
E0122,主食,13
E0122,凉菜,36
E0122,凉菜,17
E0122,热菜,372
E0122,酒水,101
E0123,主食,8
E0123,凉菜,31
E0123,凉菜,39
E0123,热菜,231
E0123,酒水,113
E0124,主食,17
E0124,凉菜,23
E0124,凉菜,25
E0124,热菜,135
E0124,酒水,197
E0125,主食,12
E0125,凉菜,33
E0125,凉菜,22
E0125,热菜,174
E0125,酒水,174
E0126,主食,16
E0126,凉菜,28
E0126,凉菜,41
E0126,热菜,171
E0126,酒水,37
E0127,主食,14
E0127,凉菜,33
E0127,凉菜,38
E0127,热菜,272
E0127,酒水,98
E0128,主食,2
E0128,凉菜,37
E0128,凉菜,13
E0128,热菜,212
E0128,酒水,26
E0129,主食,3
E0129,凉菜,41
E0129,凉菜,20
E0129,热菜,121
E0129,酒水,133
E0130,主食,13
E0130,凉菜,28
E0130,凉菜,36
E0130,热菜,85
E0130,酒水,78
E0131,主食,4
E0131,凉菜,40
E0131,凉菜,25
E0131,热菜,185
E0131,酒水,140
E0132,主食,12
E0132,凉菜,12
E0132,凉菜,15
E0132,热菜,179
E0132,酒水,54
E0133,主食,9
E0133,凉菜,28
E0133,凉菜,31
E0133,热菜,397
E0133,酒水,157
E0134,主食,16
E0134,凉菜,24
E0134,凉菜,25
E0134,热菜,306
E0134,酒水,197
E0135,主食,12
E0135,凉菜,20
E0135,凉菜,12
E0135,热菜,120
E0135,酒水,132
E0136,主食,15
E0136,凉菜,28
E0136,凉菜,24
E0136,热菜,396
E0136,酒水,113
E0137,主食,18
E0137,凉菜,28
E0137,凉菜,22
E0137,热菜,265
E0137,酒水,10
E0138,主食,7
E0138,凉菜,23
E0138,凉菜,35
E0138,热菜,98
E0138,酒水,11
E0139,主食,10
E0139,凉菜,17
E0139,凉菜,39
E0139,热菜,76
E0139,酒水,34
E0140,主食,19
E0140,凉菜,29
E0140,凉菜,23
E0140,热菜,389
E0140,酒水,39
E0141,主食,7
E0141,凉菜,20
E0141,凉菜,35
E0141,热菜,365
E0141,酒水,103
E0142,主食,16
E0142,凉菜,31
E0142,凉菜,17
E0142,热菜,165
E0142,酒水,141
E0143,主食,14
E0143,凉菜,30
E0143,凉菜,33
E0143,热菜,253
E0143,酒水,70
E0144,主食,10
E0144,凉菜,38
E0144,凉菜,41
E0144,热菜,179
E0144,酒水,175
E0145,主食,10
E0145,凉菜,31
E0145,凉菜,41
E0145,热菜,78
E0145,酒水,120
E0146,主食,14
E0146,凉菜,39
E0146,凉菜,39
E0146,热菜,355
E0146,酒水,168
E0147,主食,18
E0147,凉菜,27
E0147,凉菜,29
E0147,热菜,314
E0147,酒水,69
E0148,主食,5
E0148,凉菜,38
E0148,凉菜,22
E0148,热菜,305
E0148,酒水,58
E0149,主食,12
E0149,凉菜,27
E0149,凉菜,33
E0149,热菜,349
E0149,酒水,72
E0150,主食,10
E0150,凉菜,30
E0150,凉菜,38
E0150,热菜,361
E0150,酒水,44
E0151,主食,14
E0151,凉菜,31
E0151,凉菜,22
E0151,热菜,142
E0151,酒水,92
E0152,主食,10
E0152,凉菜,37
E0152,凉菜,23
E0152,热菜,281
E0152,酒水,132
E0153,主食,17
E0153,凉菜,35
E0153,凉菜,35
E0153,热菜,122
E0153,酒水,172
E0154,主食,6
E0154,凉菜,14
E0154,凉菜,40
E0154,热菜,273
E0154,酒水,115
E0155,主食,9
E0155,凉菜,25
E0155,凉菜,16
E0155,热菜,207
E0155,酒水,175
E0156,主食,13
E0156,凉菜,35
E0156,凉菜,26
E0156,热菜,143
E0156,酒水,104
E0157,主食,13
E0157,凉菜,27
E0157,凉菜,22
E0157,热菜,254
E0157,酒水,171
E0158,主食,5
E0158,凉菜,37
E0158,凉菜,35
E0158,热菜,343
E0158,酒水,175
E0159,主食,3
E0159,凉菜,36
E0159,凉菜,39
E0159,热菜,373
E0159,酒水,109
E0160,主食,15
E0160,凉菜,34
E0160,凉菜,33
E0160,热菜,356
E0160,酒水,78
E0161,主食,20
E0161,凉菜,15
E0161,凉菜,16
E0161,热菜,104
E0161,酒水,197
E0162,主食,16
E0162,凉菜,24
E0162,凉菜,14
E0162,热菜,350
E0162,酒水,105
E0163,主食,18
E0163,凉菜,31
E0163,凉菜,13
E0163,热菜,81
E0163,酒水,11
E0164,主食,20
E0164,凉菜,13
E0164,凉菜,13
E0164,热菜,337
E0164,酒水,179
E0165,主食,8
E0165,凉菜,26
E0165,凉菜,27
E0165,热菜,384
E0165,酒水,22
E0166,主食,13
E0166,凉菜,12
E0166,凉菜,39
E0166,热菜,159
E0166,酒水,66
E0167,主食,2
E0167,凉菜,40
E0167,凉菜,26
E0167,热菜,197
E0167,酒水,92
E0168,主食,20
E0168,凉菜,31
E0168,凉菜,26
E0168,热菜,361
E0168,酒水,66
E0169,主食,18
E0169,凉菜,29
E0169,凉菜,21
E0169,热菜,170
E0169,酒水,35
E0170,主食,8
E0170,凉菜,24
E0170,凉菜,22
E0170,热菜,85
E0170,酒水,37
E0171,主食,16
E0171,凉菜,34
E0171,凉菜,20
E0171,热菜,268
E0171,酒水,28
E0172,主食,10
E0172,凉菜,29
E0172,凉菜,14
E0172,热菜,210
E0172,酒水,190
E0173,主食,13
E0173,凉菜,40
E0173,凉菜,25
E0173,热菜,241
E0173,酒水,39
E0174,主食,16
E0174,凉菜,41
E0174,凉菜,31
E0174,热菜,247
E0174,酒水,45
E0175,主食,17
E0175,凉菜,34
E0175,凉菜,41
E0175,热菜,133
E0175,酒水,75
E0176,主食,15
E0176,凉菜,28
E0176,凉菜,41
E0176,热菜,159
E0176,酒水,180
E0177,主食,4
E0177,凉菜,36
E0177,凉菜,33
E0177,热菜,112
E0177,酒水,57
E0178,主食,11
E0178,凉菜,17
E0178,凉菜,17
E0178,热菜,361
E0178,酒水,98
