billdate,billnumber,shopname,billdiscount,paytime,tablenumber,peoplecount,pay,rebate
2016-07-12,A0001,亚运村店,0.1,13:42:00,8,2,497,49.70000074058771
2016-07-12,A0002,亚运村店,0.1,11:42:00,19,3,419,41.900000624358654
2016-07-12,A0003,亚运村店,0.1,15:19:00,19,3,350,35.00000052154064
2016-07-12,A0004,亚运村店,0.1,12:34:00,9,2,596,59.60000088810921
2016-07-12,A0005,亚运村店,0.1,11:49:00,18,3,523,52.30000077933073
2016-07-12,A0006,亚运村店,0.1,11:52:00,19,3,492,49.20000073313713
2016-07-12,A0007,亚运村店,0.1,17:56:00,17,3,154,15.400000229477882
2016-07-12,A0008,亚运村店,0.1,16:13:00,7,2,494,49.40000073611736
2016-07-12,A0009,亚运村店,0.1,15:07:00,12,2,394,39.40000058710575
2016-07-12,A0010,亚运村店,0.1,14:04:00,9,2,416,41.600000619888306
2016-07-12,A0011,亚运村店,0.1,13:22:00,10,2,583,58.3000008687377
2016-07-12,A0012,亚运村店,0.1,17:38:00,17,3,443,44.30000066012144
2016-07-12,A0013,亚运村店,0.1,16:00:00,18,3,370,37.000000551342964
2016-07-12,A0014,亚运村店,0.1,12:35:00,15,3,434,43.400000646710396
2016-07-12,A0015,亚运村店,0.1,17:21:00,10,2,502,50.20000074803829
2016-07-12,A0016,亚运村店,0.1,15:17:00,3,2,629,62.90000093728304
2016-07-12,A0017,亚运村店,0.1,14:28:00,1,2,496,49.600000739097595
2016-07-12,A0018,亚运村店,0.1,11:49:00,2,2,391,39.1000005826354
2016-07-12,A0019,亚运村店,0.1,19:02:00,15,3,578,57.80000086128712
2016-07-12,A0020,亚运村店,0.1,12:58:00,6,2,279,27.900000415742397
2016-07-12,A0021,亚运村店,0.1,17:39:00,11,2,341,34.1000005081296
2016-07-12,A0022,亚运村店,0.1,13:54:00,13,3,484,48.4000007212162
2016-07-12,A0023,亚运村店,0.1,14:39:00,15,3,451,45.10000067204237
2016-07-12,A0024,亚运村店,0.1,10:41:00,6,2,540,54.000000804662704
2016-07-12,A0025,亚运村店,0.1,11:19:00,16,3,583,58.3000008687377
2016-07-12,A0026,亚运村店,0.1,16:02:00,13,3,543,54.30000080913305
2016-07-12,A0027,亚运村店,0.1,17:21:00,6,2,394,39.40000058710575
2016-07-12,A0028,亚运村店,0.1,17:30:00,3,2,379,37.90000056475401
2016-07-12,A0029,亚运村店,0.1,16:30:00,17,3,428,42.8000006377697
2016-07-12,A0030,亚运村店,0.1,19:00:00,9,2,368,36.80000054836273
2016-07-12,A0031,亚运村店,0.1,12:29:00,15,3,567,56.70000084489584
2016-07-12,A0032,亚运村店,0.1,15:51:00,5,2,292,29.200000435113907
2016-07-12,A0033,亚运村店,0.1,17:13:00,17,3,627,62.70000093430281
2016-07-12,A0034,亚运村店,0.1,15:00:00,10,2,212,21.200000315904617
2016-07-12,A0035,亚运村店,0.1,13:01:00,9,2,497,49.70000074058771
2016-07-12,A0036,亚运村店,0.1,14:13:00,1,2,501,50.100000746548176
2016-07-12,A0037,亚运村店,0.1,16:42:00,11,2,567,56.70000084489584
2016-07-12,A0038,亚运村店,0.1,10:54:00,19,3,625,62.500000931322575
2016-07-12,A0039,亚运村店,0.1,17:00:00,2,2,269,26.900000400841236
2016-07-12,A0040,亚运村店,0.1,16:36:00,5,2,349,34.900000520050526
2016-07-12,A0041,亚运村店,0.1,12:51:00,10,2,243,24.300000362098217
2016-07-12,A0042,亚运村店,0.1,11:44:00,2,2,580,58.00000086426735
2016-07-12,A0043,亚运村店,0.1,10:13:00,7,2,428,42.8000006377697
2016-07-12,A0044,亚运村店,0.1,13:56:00,3,2,483,48.300000719726086
2016-07-12,A0045,亚运村店,0.1,12:48:00,4,2,348,34.80000051856041
2016-07-12,A0046,亚运村店,0.1,16:08:00,12,2,407,40.70000060647726
2016-07-12,A0047,亚运村店,0.1,15:03:00,12,2,305,30.500000454485416
2016-07-12,A0048,亚运村店,0.1,16:00:00,18,3,438,43.80000065267086
2016-07-12,A0049,亚运村店,0.1,15:06:00,2,2,423,42.30000063031912
2016-07-12,A0050,亚运村店,0.1,12:12:00,6,2,414,41.40000061690807
2016-07-12,A0051,亚运村店,0.1,17:42:00,11,2,436,43.60000064969063
2016-07-12,A0052,亚运村店,0.1,12:08:00,3,2,386,38.60000057518482
2016-07-12,A0053,亚运村店,0.1,16:26:00,2,2,361,36.10000053793192
2016-07-12,A0054,亚运村店,0.1,18:47:00,19,3,489,48.90000072866678
2016-07-12,A0055,亚运村店,0.1,10:29:00,15,3,602,60.200000897049904
2016-07-12,A0056,亚运村店,0.1,15:41:00,10,2,294,29.40000043809414
2016-07-12,A0057,亚运村店,0.1,14:41:00,9,2,353,35.30000052601099
2016-07-12,A0058,亚运村店,0.1,17:44:00,9,2,382,38.20000056922436
2016-07-12,A0059,亚运村店,0.1,17:53:00,13,3,461,46.10000068694353
2016-07-12,A0060,亚运村店,0.1,19:20:00,17,3,306,30.600000455975533
2016-07-12,A0061,亚运村店,0.1,11:41:00,2,2,469,46.90000069886446
2016-07-12,A0062,亚运村店,0.1,16:19:00,3,2,237,23.70000035315752
2016-07-12,A0063,亚运村店,0.1,16:59:00,7,2,354,35.400000527501106
2016-07-12,A0064,亚运村店,0.1,11:01:00,1,2,265,26.50000039488077
2016-07-12,A0065,亚运村店,0.1,10:17:00,13,3,529,52.90000078827143
2016-07-12,A0066,亚运村店,0.1,14:02:00,9,2,370,37.000000551342964
2016-07-12,A0067,亚运村店,0.1,14:08:00,8,2,328,32.80000048875809
2016-07-12,A0068,亚运村店,0.1,12:06:00,2,2,287,28.700000427663326
2016-07-12,A0069,亚运村店,0.1,12:57:00,4,2,206,20.60000030696392
2016-07-12,A0070,亚运村店,0.1,19:19:00,19,3,358,35.80000053346157
2016-07-12,A0071,亚运村店,0.1,15:44:00,1,2,409,40.90000060945749
2016-07-12,A0072,亚运村店,0.1,16:38:00,2,2,349,34.900000520050526
2016-07-12,A0073,亚运村店,0.1,16:46:00,10,2,439,43.900000654160976
2016-07-12,A0074,亚运村店,0.1,10:08:00,19,3,251,25.100000374019146
2016-07-12,A0075,亚运村店,0.1,11:28:00,2,2,236,23.600000351667404
2016-07-12,A0076,亚运村店,0.1,18:59:00,19,3,384,38.40000057220459
2016-07-12,A0077,亚运村店,0.1,11:44:00,1,2,437,43.700000651180744
2016-07-12,A0078,亚运村店,0.1,15:54:00,14,3,369,36.90000054985285
2016-07-12,A0079,亚运村店,0.1,15:06:00,19,3,479,47.90000071376562
2016-07-12,A0080,亚运村店,0.1,16:53:00,4,2,277,27.700000412762165
2016-07-12,A0081,亚运村店,0.1,18:56:00,12,2,349,34.900000520050526
2016-07-12,A0082,亚运村店,0.1,10:30:00,4,2,393,39.300000585615635
2016-07-12,A0083,亚运村店,0.1,12:23:00,16,3,173,17.30000025779009
2016-07-12,A0084,亚运村店,0.1,14:39:00,8,2,405,40.50000060349703
2016-07-12,A0085,亚运村店,0.1,16:12:00,15,3,400,40.00000059604645
2016-07-12,A0086,亚运村店,0.1,16:54:00,3,2,295,29.500000439584255
2016-07-12,A0087,亚运村店,0.1,16:45:00,2,2,326,32.600000485777855
2016-07-12,A0088,亚运村店,0.1,15:51:00,15,3,258,25.80000038444996
2016-07-12,A0089,亚运村店,0.1,12:10:00,3,2,507,50.70000075548887
2016-07-12,A0090,亚运村店,0.1,19:15:00,3,2,205,20.500000305473804
2016-07-12,A0091,亚运村店,0.1,14:05:00,18,3,416,41.600000619888306
2016-07-12,A0092,亚运村店,0.1,11:50:00,6,2,184,18.400000274181366
2016-07-12,A0093,亚运村店,0.1,19:25:00,4,2,478,47.800000712275505
2016-07-12,A0094,亚运村店,0.1,13:53:00,14,3,504,50.400000751018524
2016-07-12,A0095,亚运村店,0.1,10:01:00,16,3,463,46.30000068992376
2016-07-12,A0096,亚运村店,0.1,16:48:00,5,2,208,20.800000309944153
2016-07-12,A0097,亚运村店,0.1,13:16:00,17,3,248,24.800000369548798
2016-07-12,A0098,亚运村店,0.1,16:44:00,17,3,587,58.70000087469816
2016-07-12,A0099,亚运村店,0.1,19:21:00,19,3,394,39.40000058710575
2016-07-12,A0100,亚运村店,0.1,16:11:00,19,3,454,45.40000067651272
2016-07-12,A0101,亚运村店,0.1,10:56:00,2,2,270,27.000000402331352
2016-07-12,A0102,亚运村店,0.1,10:14:00,19,3,602,60.200000897049904
2016-07-12,A0103,亚运村店,0.1,12:49:00,10,2,427,42.70000063627958
2016-07-12,A0104,亚运村店,0.1,14:15:00,3,2,288,28.800000429153442
2016-07-12,A0105,亚运村店,0.1,15:58:00,8,2,581,58.100000865757465
2016-07-12,A0106,亚运村店,0.1,11:41:00,5,2,195,19.500000290572643
2016-07-12,A0107,亚运村店,0.1,15:07:00,6,2,407,40.70000060647726
2016-07-12,A0108,亚运村店,0.1,17:22:00,6,2,318,31.800000473856926
2016-07-12,A0109,亚运村店,0.1,13:06:00,11,2,497,49.70000074058771
2016-07-12,A0110,亚运村店,0.1,11:50:00,12,2,320,32.00000047683716
2016-07-12,A0111,亚运村店,0.1,18:32:00,19,3,612,61.200000911951065
2016-07-12,A0112,亚运村店,0.1,11:02:00,14,3,639,63.9000009521842
2016-07-12,A0113,亚运村店,0.1,14:15:00,19,3,604,60.400000900030136
2016-07-12,A0114,亚运村店,0.1,10:48:00,1,2,499,49.900000743567944
2016-07-12,A0115,亚运村店,0.1,13:22:00,4,2,431,43.10000064224005
2016-07-12,A0116,亚运村店,0.1,13:40:00,6,2,476,47.60000070929527
2016-07-12,A0117,亚运村店,0.1,14:38:00,5,2,193,19.30000028759241
2016-07-12,A0118,亚运村店,0.1,10:44:00,12,2,400,40.00000059604645
2016-07-12,A0119,亚运村店,0.1,14:53:00,15,3,464,46.40000069141388
2016-07-12,A0120,亚运村店,0.1,14:37:00,17,3,511,51.10000076144934
2016-07-12,A0121,亚运村店,0.1,19:01:00,11,2,389,38.90000057965517
2016-07-12,A0122,亚运村店,0.1,11:01:00,15,3,549,54.90000081807375
2016-07-12,A0123,亚运村店,0.1,19:23:00,17,3,549,54.90000081807375
2016-07-12,A0124,亚运村店,0.1,19:21:00,2,2,472,47.20000070333481
2016-07-12,A0125,亚运村店,0.1,11:33:00,11,2,333,33.30000049620867
2016-07-12,A0126,亚运村店,0.1,10:39:00,4,2,648,64.80000096559525
2016-07-12,A0127,亚运村店,0.1,14:36:00,7,2,441,44.10000065714121
2016-07-12,A0128,亚运村店,0.1,17:34:00,10,2,478,47.800000712275505
2016-07-12,A0129,亚运村店,0.1,18:41:00,8,2,279,27.900000415742397
2016-07-12,A0130,亚运村店,0.1,15:44:00,11,2,434,43.400000646710396
2016-07-12,B0001,中关村店,0.2,12:44:00,13,3,611,122.2000018209219
2016-07-12,B0002,中关村店,0.2,18:23:00,20,3,491,98.20000146329403
2016-07-12,B0003,中关村店,0.2,19:15:00,12,2,607,121.40000180900097
2016-07-12,B0004,中关村店,0.2,16:37:00,17,3,480,96.00000143051147
2016-07-12,B0005,中关村店,0.2,16:40:00,16,3,210,42.00000062584877
2016-07-12,B0006,中关村店,0.2,13:49:00,17,3,240,48.00000071525574
2016-07-12,B0007,中关村店,0.2,17:30:00,25,9,354,70.80000105500221
2016-07-12,B0008,中关村店,0.2,12:46:00,11,2,342,68.40000101923943
2016-07-12,B0009,中关村店,0.2,18:17:00,1,2,322,64.40000095963478
2016-07-12,B0010,中关村店,0.2,16:34:00,19,3,190,38.000000566244125
2016-07-12,B0011,中关村店,0.2,14:41:00,11,2,456,91.2000013589859
2016-07-12,B0012,中关村店,0.2,12:18:00,12,2,259,51.80000077188015
2016-07-12,B0013,中关村店,0.2,16:56:00,18,3,390,78.00000116229057
2016-07-12,B0014,中关村店,0.2,11:32:00,2,2,212,42.400000631809235
2016-07-12,B0015,中关村店,0.2,11:14:00,5,2,476,95.20000141859055
2016-07-12,B0016,中关村店,0.2,11:56:00,1,2,455,91.00000135600567
2016-07-12,B0017,中关村店,0.2,11:55:00,19,3,548,109.60000163316727
2016-07-12,B0018,中关村店,0.2,15:30:00,2,2,598,119.60000178217888
2016-07-12,B0019,中关村店,0.2,17:26:00,17,3,400,80.0000011920929
2016-07-12,B0020,中关村店,0.2,19:55:00,5,2,206,41.20000061392784
2016-07-12,B0021,中关村店,0.2,13:23:00,23,6,461,92.20000137388706
2016-07-12,B0022,中关村店,0.2,17:04:00,3,2,329,65.8000009804964
2016-07-12,B0023,中关村店,0.2,13:02:00,14,3,494,98.80000147223473
2016-07-12,B0024,中关村店,0.2,10:03:00,17,3,490,98.0000014603138
2016-07-12,B0025,中关村店,0.2,12:09:00,11,2,242,48.4000007212162
2016-07-12,B0026,中关村店,0.2,19:50:00,19,3,402,80.40000119805336
2016-07-12,B0027,中关村店,0.2,19:46:00,11,2,283,56.600000843405724
2016-07-12,B0028,中关村店,0.2,12:09:00,17,3,400,80.0000011920929
2016-07-12,B0029,中关村店,0.2,16:18:00,13,3,379,75.80000112950802
2016-07-12,B0030,中关村店,0.2,19:40:00,6,2,576,115.20000171661377
2016-07-12,B0031,中关村店,0.2,19:10:00,10,2,585,117.00000174343586
2016-07-12,B0032,中关村店,0.2,11:04:00,6,2,270,54.000000804662704
2016-07-12,B0033,中关村店,0.2,19:08:00,14,3,673,134.6000020056963
2016-07-12,B0034,中关村店,0.2,12:57:00,23,7,207,41.40000061690807
2016-07-12,B0035,中关村店,0.2,17:52:00,2,2,316,63.20000094175339
2016-07-12,B0036,中关村店,0.2,15:05:00,20,3,588,117.60000175237656
2016-07-12,B0037,中关村店,0.2,11:21:00,4,2,571,114.20000170171261
2016-07-12,B0038,中关村店,0.2,11:51:00,25,7,589,117.80000175535679
2016-07-12,B0039,中关村店,0.2,13:21:00,2,2,461,92.20000137388706
2016-07-12,B0040,中关村店,0.2,18:22:00,15,3,363,72.6000010818243
2016-07-12,B0041,中关村店,0.2,10:12:00,4,2,400,80.0000011920929
2016-07-12,B0042,中关村店,0.2,13:21:00,3,2,301,60.200000897049904
2016-07-12,B0043,中关村店,0.2,18:09:00,18,3,371,74.20000110566616
2016-07-12,B0044,中关村店,0.2,15:37:00,9,2,255,51.00000075995922
2016-07-12,B0045,中关村店,0.2,12:38:00,18,3,469,93.80000139772892
2016-07-12,B0046,中关村店,0.2,18:30:00,21,6,421,84.20000125467777
2016-07-12,B0047,中关村店,0.2,16:46:00,1,2,299,59.80000089108944
2016-07-12,B0048,中关村店,0.2,13:18:00,4,2,607,121.40000180900097
2016-07-12,B0049,中关村店,0.2,12:27:00,23,7,257,51.400000765919685
2016-07-12,B0050,中关村店,0.2,19:11:00,4,2,483,96.60000143945217
2016-07-12,B0051,中关村店,0.2,17:51:00,7,2,555,111.00000165402889
2016-07-12,B0052,中关村店,0.2,12:17:00,22,8,278,55.60000082850456
2016-07-12,B0053,中关村店,0.2,13:10:00,25,8,402,80.40000119805336
2016-07-12,B0054,中关村店,0.2,10:36:00,23,5,518,103.6000015437603
2016-07-12,B0055,中关村店,0.2,17:41:00,20,3,491,98.20000146329403
2016-07-12,B0056,中关村店,0.2,14:11:00,7,2,299,59.80000089108944
2016-07-12,B0057,中关村店,0.2,10:02:00,9,2,334,66.80000099539757
2016-07-12,B0058,中关村店,0.2,13:11:00,25,9,527,105.40000157058239
2016-07-12,B0059,中关村店,0.2,16:15:00,6,2,457,91.40000136196613
2016-07-12,B0060,中关村店,0.2,11:21:00,9,2,360,72.0000010728836
2016-07-12,B0061,中关村店,0.2,14:23:00,11,2,398,79.60000118613243
2016-07-12,B0062,中关村店,0.2,12:23:00,21,6,397,79.4000011831522
2016-07-12,B0063,中关村店,0.2,13:29:00,1,2,595,119.00000177323818
2016-07-12,B0064,中关村店,0.2,18:22:00,1,2,484,96.8000014424324
2016-07-12,B0065,中关村店,0.2,10:10:00,20,3,481,96.2000014334917
2016-07-12,B0066,中关村店,0.2,15:51:00,6,2,563,112.60000167787075
2016-07-12,B0067,中关村店,0.2,16:34:00,23,6,324,64.80000096559525
2016-07-12,B0068,中关村店,0.2,17:31:00,15,3,341,68.2000010162592
2016-07-12,B0069,中关村店,0.2,17:13:00,20,3,614,122.8000018298626
2016-07-12,B0070,中关村店,0.2,18:27:00,13,3,428,85.6000012755394
2016-07-12,B0071,中关村店,0.2,13:42:00,2,2,281,56.20000083744526
2016-07-12,B0072,中关村店,0.2,11:11:00,3,2,407,81.40000121295452
2016-07-12,B0073,中关村店,0.2,14:41:00,5,2,398,79.60000118613243
2016-07-12,B0074,中关村店,0.2,15:19:00,23,7,351,70.20000104606152
2016-07-12,B0075,中关村店,0.2,15:36:00,17,3,487,97.4000014513731
2016-07-12,B0076,中关村店,0.2,18:59:00,13,3,435,87.00000129640102
2016-07-12,B0077,中关村店,0.2,19:58:00,18,3,212,42.400000631809235
2016-07-12,B0078,中关村店,0.2,11:46:00,3,2,426,85.20000126957893
2016-07-12,B0079,中关村店,0.2,19:34:00,19,3,379,75.80000112950802
2016-07-12,B0080,中关村店,0.2,18:23:00,17,3,538,107.60000160336494
2016-07-12,B0081,中关村店,0.2,10:26:00,6,2,247,49.40000073611736
2016-07-12,B0082,中关村店,0.2,16:33:00,2,2,267,53.40000079572201
2016-07-12,B0083,中关村店,0.2,19:38:00,8,2,406,81.20000120997429
2016-07-12,B0084,中关村店,0.2,19:07:00,9,2,497,99.40000148117542
2016-07-12,B0085,中关村店,0.2,18:31:00,12,2,263,52.60000078380108
2016-07-12,B0086,中关村店,0.2,15:50:00,4,2,295,59.00000087916851
2016-07-12,B0087,中关村店,0.2,10:22:00,6,2,452,90.40000134706497
2016-07-12,B0088,中关村店,0.2,15:29:00,4,2,297,59.400000885128975
2016-07-12,B0089,中关村店,0.2,10:12:00,2,2,477,95.40000142157078
2016-07-12,B0090,中关村店,0.2,13:02:00,7,2,364,72.80000108480453
2016-07-12,B0091,中关村店,0.2,12:38:00,24,4,330,66.00000098347664
2016-07-12,B0092,中关村店,0.2,11:03:00,19,3,572,114.40000170469284
2016-07-12,B0093,中关村店,0.2,10:04:00,2,2,478,95.60000142455101
2016-07-12,B0094,中关村店,0.2,15:00:00,22,7,513,102.60000152885914
2016-07-12,B0095,中关村店,0.2,12:54:00,10,2,457,91.40000136196613
2016-07-12,B0096,中关村店,0.2,14:56:00,5,2,283,56.600000843405724
2016-07-12,B0097,中关村店,0.2,12:02:00,7,2,341,68.2000010162592
2016-07-12,B0098,中关村店,0.2,13:37:00,15,3,562,112.40000167489052
2016-07-12,B0099,中关村店,0.2,10:06:00,5,2,425,85.0000012665987
2016-07-12,B0100,中关村店,0.2,17:47:00,12,2,406,81.20000120997429
2016-07-12,B0101,中关村店,0.2,12:10:00,24,7,309,61.80000092089176
2016-07-12,B0102,中关村店,0.2,14:15:00,25,8,395,79.00000117719173
2016-07-12,B0103,中关村店,0.2,12:10:00,25,5,440,88.00000131130219
2016-07-12,B0104,中关村店,0.2,11:20:00,3,2,240,48.00000071525574
2016-07-12,B0105,中关村店,0.2,16:35:00,22,5,362,72.40000107884407
2016-07-12,B0106,中关村店,0.2,12:45:00,22,4,365,73.00000108778477
2016-07-12,B0107,中关村店,0.2,13:36:00,19,3,295,59.00000087916851
2016-07-12,B0108,中关村店,0.2,16:48:00,9,2,220,44.00000065565109
2016-07-12,B0109,中关村店,0.2,13:33:00,18,3,509,101.80000151693821
2016-07-12,B0110,中关村店,0.2,10:01:00,23,7,340,68.00000101327896
2016-07-12,B0111,中关村店,0.2,11:28:00,2,2,289,57.80000086128712
2016-07-12,B0112,中关村店,0.2,17:03:00,5,2,379,75.80000112950802
2016-07-12,B0113,中关村店,0.2,16:49:00,20,3,380,76.00000113248825
2016-07-12,B0114,中关村店,0.2,17:44:00,20,3,349,69.80000104010105
2016-07-12,B0115,中关村店,0.2,11:27:00,1,2,586,117.20000174641609
2016-07-12,B0116,中关村店,0.2,13:27:00,20,3,419,83.80000124871731
2016-07-12,B0117,中关村店,0.2,15:56:00,6,2,465,93.00000138580799
2016-07-12,B0118,中关村店,0.2,13:19:00,10,2,477,95.40000142157078
2016-07-12,B0119,中关村店,0.2,15:43:00,2,2,425,85.0000012665987
2016-07-12,B0120,中关村店,0.2,17:31:00,24,9,279,55.800000831484795
2016-07-12,B0121,中关村店,0.2,14:30:00,14,3,335,67.0000009983778
2016-07-12,B0122,中关村店,0.2,14:41:00,11,2,208,41.600000619888306
2016-07-12,B0123,中关村店,0.2,18:11:00,15,3,384,76.80000114440918
2016-07-12,B0124,中关村店,0.2,15:46:00,21,7,449,89.80000133812428
2016-07-12,B0125,中关村店,0.2,15:39:00,13,3,369,73.8000010997057
2016-07-12,B0126,中关村店,0.2,15:00:00,3,2,364,72.80000108480453
2016-07-12,B0127,中关村店,0.2,17:36:00,18,3,359,71.80000106990337
2016-07-12,B0128,中关村店,0.2,19:51:00,14,3,198,39.60000059008598
2016-07-12,B0129,中关村店,0.2,15:01:00,13,3,442,88.40000131726265
2016-07-12,B0130,中关村店,0.2,12:04:00,12,2,550,110.00000163912773
2016-07-12,B0131,中关村店,0.2,11:18:00,21,7,195,39.00000058114529
2016-07-12,B0132,中关村店,0.2,14:52:00,18,3,429,85.80000127851963
2016-07-12,B0133,中关村店,0.2,13:36:00,23,7,359,71.80000106990337
2016-07-12,B0134,中关村店,0.2,18:59:00,19,3,284,56.800000846385956
2016-07-12,B0135,中关村店,0.2,16:24:00,4,2,291,58.20000086724758
2016-07-12,B0136,中关村店,0.2,10:52:00,2,2,279,55.800000831484795
2016-07-12,B0137,中关村店,0.2,12:59:00,16,3,644,128.80000191926956
2016-07-12,B0138,中关村店,0.2,19:03:00,14,3,348,69.60000103712082
2016-07-12,B0139,中关村店,0.2,19:18:00,16,3,501,100.20000149309635
2016-07-12,B0140,中关村店,0.2,16:14:00,5,2,548,109.60000163316727
2016-07-12,B0141,中关村店,0.2,11:24:00,15,3,533,106.60000158846378
2016-07-12,B0142,中关村店,0.2,18:21:00,9,2,517,103.40000154078007
2016-07-12,B0143,中关村店,0.2,12:31:00,17,3,440,88.00000131130219
2016-07-12,B0144,中关村店,0.2,11:41:00,6,2,556,111.20000165700912
2016-07-12,B0145,中关村店,0.2,18:49:00,17,3,390,78.00000116229057
2016-07-12,B0146,中关村店,0.2,11:26:00,19,3,495,99.00000147521496
2016-07-12,B0147,中关村店,0.2,17:06:00,1,2,388,77.60000115633011
2016-07-12,B0148,中关村店,0.2,16:32:00,3,2,270,54.000000804662704
2016-07-12,B0149,中关村店,0.2,18:50:00,15,3,476,95.20000141859055
2016-07-12,B0150,中关村店,0.2,10:23:00,1,2,498,99.60000148415565
2016-07-12,C0001,六里桥店,0.1,16:25:00,6,2,300,30.000000447034836
2016-07-12,C0002,六里桥店,0.1,10:56:00,4,2,224,22.40000033378601
2016-07-12,C0003,六里桥店,0.1,13:05:00,2,2,299,29.90000044554472
2016-07-12,C0004,六里桥店,0.1,14:22:00,22,7,595,59.50000088661909
2016-07-12,C0005,六里桥店,0.1,12:05:00,12,2,549,54.90000081807375
2016-07-12,C0006,六里桥店,0.1,16:08:00,7,2,488,48.800000727176666
2016-07-12,C0007,六里桥店,0.1,10:00:00,14,3,315,31.500000469386578
2016-07-12,C0008,六里桥店,0.1,11:35:00,17,3,394,39.40000058710575
2016-07-12,C0009,六里桥店,0.1,14:00:00,13,3,409,40.90000060945749
2016-07-12,C0010,六里桥店,0.1,17:05:00,6,2,334,33.400000497698784
2016-07-12,C0011,六里桥店,0.1,17:47:00,21,4,473,47.300000704824924
2016-07-12,C0012,六里桥店,0.1,17:37:00,20,3,603,60.30000089854002
2016-07-12,C0013,六里桥店,0.1,16:12:00,5,2,417,41.70000062137842
2016-07-12,C0014,六里桥店,0.1,13:06:00,7,2,557,55.70000082999468
2016-07-12,C0015,六里桥店,0.1,18:11:00,20,3,366,36.6000005453825
2016-07-12,C0016,六里桥店,0.1,10:54:00,12,2,495,49.50000073760748
2016-07-12,C0017,六里桥店,0.1,17:12:00,23,9,460,46.000000685453415
2016-07-12,C0018,六里桥店,0.1,18:55:00,6,2,346,34.60000051558018
2016-07-12,C0019,六里桥店,0.1,19:09:00,14,3,531,53.10000079125166
2016-07-12,C0020,六里桥店,0.1,14:56:00,5,2,327,32.70000048726797
2016-07-12,C0021,六里桥店,0.1,15:55:00,15,3,366,36.6000005453825
2016-07-12,C0022,六里桥店,0.1,18:57:00,10,2,373,37.30000055581331
2016-07-12,C0023,六里桥店,0.1,11:40:00,9,2,404,40.40000060200691
2016-07-12,C0024,六里桥店,0.1,14:28:00,1,2,405,40.50000060349703
2016-07-12,C0025,六里桥店,0.1,15:15:00,21,7,559,55.90000083297491
2016-07-12,C0026,六里桥店,0.1,18:55:00,8,2,292,29.200000435113907
2016-07-12,C0027,六里桥店,0.1,15:33:00,1,2,428,42.8000006377697
2016-07-12,C0028,六里桥店,0.1,14:46:00,14,3,315,31.500000469386578
2016-07-12,C0029,六里桥店,0.1,12:19:00,20,3,605,60.50000090152025
2016-07-12,C0030,六里桥店,0.1,10:54:00,5,2,399,39.90000059455633
2016-07-12,C0031,六里桥店,0.1,16:06:00,4,2,586,58.600000873208046
2016-07-12,C0032,六里桥店,0.1,14:52:00,13,3,617,61.700000919401646
2016-07-12,C0033,六里桥店,0.1,13:52:00,10,2,492,49.20000073313713
2016-07-12,C0034,六里桥店,0.1,11:11:00,24,4,458,45.80000068247318
2016-07-12,C0035,六里桥店,0.1,15:05:00,20,3,539,53.90000080317259
2016-07-12,C0036,六里桥店,0.1,19:43:00,22,6,351,35.10000052303076
2016-07-12,C0037,六里桥店,0.1,14:37:00,4,2,371,37.10000055283308
2016-07-12,C0038,六里桥店,0.1,19:32:00,17,3,312,31.20000046491623
2016-07-12,C0039,六里桥店,0.1,19:22:00,21,4,247,24.70000036805868
2016-07-12,C0040,六里桥店,0.1,14:19:00,9,2,482,48.20000071823597
2016-07-12,C0041,六里桥店,0.1,15:24:00,20,3,299,29.90000044554472
2016-07-12,C0042,六里桥店,0.1,18:54:00,4,2,551,55.10000082105398
2016-07-12,C0043,六里桥店,0.1,14:38:00,18,3,304,30.4000004529953
2016-07-12,C0044,六里桥店,0.1,15:27:00,21,6,238,23.800000354647636
2016-07-12,C0045,六里桥店,0.1,11:21:00,13,3,571,57.100000850856304
2016-07-12,C0046,六里桥店,0.1,14:03:00,3,2,352,35.200000524520874
2016-07-12,C0047,六里桥店,0.1,16:30:00,21,7,341,34.1000005081296
2016-07-12,C0048,六里桥店,0.1,11:27:00,4,2,308,30.800000458955765
2016-07-12,C0049,六里桥店,0.1,16:22:00,11,2,436,43.60000064969063
2016-07-12,C0050,六里桥店,0.1,13:14:00,21,5,294,29.40000043809414
2016-07-12,C0051,六里桥店,0.1,14:59:00,23,5,564,56.40000084042549
2016-07-12,C0052,六里桥店,0.1,19:50:00,5,2,361,36.10000053793192
2016-07-12,C0053,六里桥店,0.1,19:32:00,7,2,282,28.200000420212746
2016-07-12,C0054,六里桥店,0.1,13:52:00,3,2,477,47.70000071078539
2016-07-12,C0055,六里桥店,0.1,17:29:00,2,2,424,42.400000631809235
2016-07-12,C0056,六里桥店,0.1,19:32:00,11,2,367,36.700000546872616
2016-07-12,C0057,六里桥店,0.1,11:34:00,8,2,388,38.800000578165054
2016-07-12,C0058,六里桥店,0.1,12:53:00,15,3,234,23.400000348687172
2016-07-12,C0059,六里桥店,0.1,16:53:00,20,3,405,40.50000060349703
2016-07-12,C0060,六里桥店,0.1,16:18:00,21,6,350,35.00000052154064
2016-07-12,C0061,六里桥店,0.1,18:56:00,23,6,323,32.30000048130751
2016-07-12,C0062,六里桥店,0.1,10:17:00,16,3,302,30.200000450015068
2016-07-12,C0063,六里桥店,0.1,11:31:00,21,7,537,53.700000800192356
2016-07-12,C0064,六里桥店,0.1,12:39:00,9,2,415,41.50000061839819
2016-07-12,C0065,六里桥店,0.1,17:16:00,11,2,450,45.000000670552254
2016-07-12,C0066,六里桥店,0.1,13:43:00,7,2,621,62.10000092536211
2016-07-12,C0067,六里桥店,0.1,17:23:00,13,3,406,40.600000604987144
2016-07-12,C0068,六里桥店,0.1,13:07:00,8,2,473,47.300000704824924
2016-07-12,C0069,六里桥店,0.1,11:13:00,12,2,470,47.000000700354576
2016-07-12,C0070,六里桥店,0.1,19:25:00,6,2,269,26.900000400841236
2016-07-12,C0071,六里桥店,0.1,16:40:00,20,3,617,61.700000919401646
2016-07-12,C0072,六里桥店,0.1,18:25:00,24,8,212,21.200000315904617
2016-07-12,C0073,六里桥店,0.1,19:15:00,20,3,414,41.40000061690807
2016-07-12,C0074,六里桥店,0.1,13:19:00,15,3,496,49.600000739097595
2016-07-12,C0075,六里桥店,0.1,12:15:00,4,2,468,46.800000697374344
2016-07-12,C0076,六里桥店,0.1,14:03:00,3,2,380,38.000000566244125
2016-07-12,C0077,六里桥店,0.1,17:40:00,18,3,402,40.20000059902668
2016-07-12,C0078,六里桥店,0.1,18:57:00,8,2,564,56.40000084042549
2016-07-12,C0079,六里桥店,0.1,15:15:00,13,3,332,33.20000049471855
2016-07-12,C0080,六里桥店,0.1,10:17:00,5,2,288,28.800000429153442
2016-07-12,C0081,六里桥店,0.1,15:59:00,16,3,545,54.500000812113285
2016-07-12,C0082,六里桥店,0.1,14:37:00,12,2,348,34.80000051856041
2016-07-12,C0083,六里桥店,0.1,19:09:00,18,3,478,47.800000712275505
2016-07-12,C0084,六里桥店,0.1,13:38:00,18,3,541,54.10000080615282
2016-07-12,C0085,六里桥店,0.1,15:20:00,2,2,622,62.200000926852226
2016-07-12,C0086,六里桥店,0.1,16:02:00,6,2,333,33.30000049620867
2016-07-12,C0087,六里桥店,0.1,13:55:00,3,2,257,25.700000382959843
2016-07-12,C0088,六里桥店,0.1,13:01:00,8,2,411,41.100000612437725
2016-07-12,C0089,六里桥店,0.1,17:58:00,15,3,318,31.800000473856926
2016-07-12,C0090,六里桥店,0.1,12:23:00,11,2,470,47.000000700354576
2016-07-12,C0091,六里桥店,0.1,16:38:00,10,2,434,43.400000646710396
2016-07-12,C0092,六里桥店,0.1,14:41:00,17,3,434,43.400000646710396
2016-07-12,C0093,六里桥店,0.1,16:58:00,24,6,329,32.9000004902482
2016-07-12,C0094,六里桥店,0.1,10:55:00,9,2,271,27.10000040382147
2016-07-12,C0095,六里桥店,0.1,11:49:00,20,3,261,26.100000388920307
2016-07-12,C0096,六里桥店,0.1,17:38:00,18,3,231,23.100000344216824
2016-07-12,C0097,六里桥店,0.1,15:51:00,17,3,328,32.80000048875809
2016-07-12,C0098,六里桥店,0.1,15:33:00,8,2,407,40.70000060647726
2016-07-12,C0099,六里桥店,0.1,10:33:00,23,4,455,45.500000678002834
2016-07-12,C0100,六里桥店,0.1,19:01:00,8,2,365,36.500000543892384
2016-07-12,C0101,六里桥店,0.1,10:45:00,14,3,402,40.20000059902668
2016-07-12,C0102,六里桥店,0.1,17:30:00,13,3,486,48.600000724196434
2016-07-12,C0103,六里桥店,0.1,12:37:00,4,2,522,52.200000777840614
2016-07-12,C0104,六里桥店,0.1,12:48:00,22,4,545,54.500000812113285
2016-07-12,C0105,六里桥店,0.1,11:37:00,2,2,300,30.000000447034836
2016-07-12,C0106,六里桥店,0.1,15:29:00,14,3,372,37.200000554323196
2016-07-12,C0107,六里桥店,0.1,14:02:00,4,2,305,30.500000454485416
2016-07-12,C0108,六里桥店,0.1,16:12:00,14,3,295,29.500000439584255
2016-07-12,C0109,六里桥店,0.1,16:12:00,20,3,346,34.60000051558018
2016-07-12,C0110,六里桥店,0.1,14:42:00,24,5,356,35.60000053048134
2016-07-12,C0111,六里桥店,0.1,18:09:00,6,2,315,31.500000469386578
2016-07-12,C0112,六里桥店,0.1,10:53:00,9,2,328,32.80000048875809
2016-07-12,C0113,六里桥店,0.1,16:32:00,23,7,361,36.10000053793192
2016-07-12,C0114,六里桥店,0.1,15:14:00,24,9,512,51.20000076293945
2016-07-12,C0115,六里桥店,0.1,12:55:00,15,3,335,33.5000004991889
2016-07-12,C0116,六里桥店,0.1,16:18:00,22,8,306,30.600000455975533
2016-07-12,C0117,六里桥店,0.1,14:29:00,3,2,427,42.70000063627958
2016-07-12,C0118,六里桥店,0.1,16:53:00,24,7,372,37.200000554323196
2016-07-12,C0119,六里桥店,0.1,19:03:00,11,2,501,50.100000746548176
2016-07-12,C0120,六里桥店,0.1,16:51:00,18,3,355,35.50000052899122
2016-07-12,C0121,六里桥店,0.1,19:12:00,18,3,326,32.600000485777855
2016-07-12,C0122,六里桥店,0.1,14:38:00,13,3,515,51.5000007674098
2016-07-12,C0123,六里桥店,0.1,12:48:00,19,3,350,35.00000052154064
2016-07-12,C0124,六里桥店,0.1,16:12:00,9,2,407,40.70000060647726
2016-07-12,C0125,六里桥店,0.1,16:55:00,1,2,367,36.700000546872616
2016-07-12,C0126,六里桥店,0.1,16:32:00,7,2,460,46.000000685453415
2016-07-12,C0127,六里桥店,0.1,14:38:00,8,2,421,42.100000627338886
2016-07-12,C0128,六里桥店,0.1,17:53:00,17,3,316,31.600000470876694
2016-07-12,C0129,六里桥店,0.1,18:08:00,21,5,375,37.500000558793545
2016-07-12,C0130,六里桥店,0.1,16:18:00,15,3,427,42.70000063627958
2016-07-12,C0131,六里桥店,0.1,17:56:00,13,3,377,37.70000056177378
2016-07-12,C0132,六里桥店,0.1,12:44:00,19,3,337,33.70000050216913
2016-07-12,C0133,六里桥店,0.1,14:59:00,8,2,314,31.40000046789646
2016-07-12,C0134,六里桥店,0.1,13:09:00,2,2,357,35.700000531971455
2016-07-12,D0001,朝阳门店,0.1,10:20:00,8,2,282,28.200000420212746
2016-07-12,D0002,朝阳门店,0.1,13:16:00,11,2,380,38.000000566244125
2016-07-12,D0003,朝阳门店,0.1,18:14:00,4,2,386,38.60000057518482
2016-07-12,D0004,朝阳门店,0.1,13:22:00,10,2,481,48.10000071674585
2016-07-12,D0005,朝阳门店,0.1,13:38:00,14,3,399,39.90000059455633
2016-07-12,D0006,朝阳门店,0.1,13:12:00,5,2,523,52.30000077933073
2016-07-12,D0007,朝阳门店,0.1,11:37:00,13,3,367,36.700000546872616
2016-07-12,D0008,朝阳门店,0.1,15:35:00,5,2,461,46.10000068694353
2016-07-12,D0009,朝阳门店,0.1,16:10:00,14,3,399,39.90000059455633
2016-07-12,D0010,朝阳门店,0.1,10:18:00,10,2,504,50.400000751018524
2016-07-12,D0011,朝阳门店,0.1,14:46:00,11,2,591,59.10000088065863
2016-07-12,D0012,朝阳门店,0.1,19:37:00,2,2,429,42.900000639259815
2016-07-12,D0013,朝阳门店,0.1,15:32:00,7,2,512,51.20000076293945
2016-07-12,D0014,朝阳门店,0.1,19:35:00,12,2,424,42.400000631809235
2016-07-12,D0015,朝阳门店,0.1,19:52:00,1,2,291,29.10000043362379
2016-07-12,D0016,朝阳门店,0.1,13:22:00,15,3,547,54.70000081509352
2016-07-12,D0017,朝阳门店,0.1,16:41:00,1,2,342,34.20000050961971
2016-07-12,D0018,朝阳门店,0.1,12:51:00,16,3,349,34.900000520050526
2016-07-12,D0019,朝阳门店,0.1,16:51:00,5,2,199,19.900000296533108
2016-07-12,D0020,朝阳门店,0.1,13:18:00,1,2,334,33.400000497698784
2016-07-12,D0021,朝阳门店,0.1,14:50:00,9,2,143,14.300000213086605
2016-07-12,D0022,朝阳门店,0.1,18:35:00,17,3,267,26.700000397861004
2016-07-12,D0023,朝阳门店,0.1,11:12:00,17,3,445,44.50000066310167
2016-07-12,D0024,朝阳门店,0.1,14:17:00,15,3,441,44.10000065714121
2016-07-12,D0025,朝阳门店,0.1,11:35:00,6,2,237,23.70000035315752
2016-07-12,D0026,朝阳门店,0.1,10:07:00,5,2,481,48.10000071674585
2016-07-12,D0027,朝阳门店,0.1,11:45:00,13,3,482,48.20000071823597
2016-07-12,D0028,朝阳门店,0.1,19:14:00,15,3,533,53.30000079423189
2016-07-12,D0029,朝阳门店,0.1,14:21:00,12,2,359,35.90000053495169
2016-07-12,D0030,朝阳门店,0.1,16:06:00,4,2,559,55.90000083297491
2016-07-12,D0031,朝阳门店,0.1,12:43:00,5,2,481,48.10000071674585
2016-07-12,D0032,朝阳门店,0.1,14:18:00,17,3,316,31.600000470876694
2016-07-12,D0033,朝阳门店,0.1,10:29:00,16,3,319,31.900000475347042
2016-07-12,D0034,朝阳门店,0.1,19:56:00,1,2,575,57.50000085681677
2016-07-12,D0035,朝阳门店,0.1,18:33:00,17,3,219,21.90000032633543
2016-07-12,D0036,朝阳门店,0.1,15:31:00,14,3,557,55.70000082999468
2016-07-12,D0037,朝阳门店,0.1,15:29:00,1,2,471,47.10000070184469
2016-07-12,D0038,朝阳门店,0.1,17:18:00,16,3,293,29.300000436604023
2016-07-12,D0039,朝阳门店,0.1,15:15:00,5,2,376,37.60000056028366
2016-07-12,D0040,朝阳门店,0.1,17:47:00,3,2,337,33.70000050216913
2016-07-12,D0041,朝阳门店,0.1,11:44:00,10,2,498,49.80000074207783
2016-07-12,D0042,朝阳门店,0.1,16:50:00,15,3,351,35.10000052303076
2016-07-12,D0043,朝阳门店,0.1,10:03:00,1,2,646,64.60000096261501
2016-07-12,D0044,朝阳门店,0.1,10:05:00,15,3,430,43.00000064074993
2016-07-12,D0045,朝阳门店,0.1,12:25:00,4,2,417,41.70000062137842
2016-07-12,D0046,朝阳门店,0.1,12:10:00,5,2,258,25.80000038444996
2016-07-12,D0047,朝阳门店,0.1,12:42:00,11,2,377,37.70000056177378
2016-07-12,D0048,朝阳门店,0.1,13:48:00,16,3,190,19.000000283122063
2016-07-12,D0049,朝阳门店,0.1,15:55:00,17,3,161,16.100000239908695
2016-07-12,D0050,朝阳门店,0.1,11:20:00,16,3,616,61.60000091791153
2016-07-12,D0051,朝阳门店,0.1,15:20:00,3,2,330,33.00000049173832
2016-07-12,D0052,朝阳门店,0.1,13:48:00,3,2,527,52.700000785291195
2016-07-12,D0053,朝阳门店,0.1,14:13:00,3,2,522,52.200000777840614
2016-07-12,D0054,朝阳门店,0.1,13:30:00,16,3,638,63.800000950694084
2016-07-12,D0055,朝阳门店,0.1,18:10:00,11,2,208,20.800000309944153
2016-07-12,D0056,朝阳门店,0.1,16:42:00,10,2,433,43.30000064522028
2016-07-12,D0057,朝阳门店,0.1,14:50:00,4,2,205,20.500000305473804
2016-07-12,D0058,朝阳门店,0.1,17:31:00,9,2,325,32.50000048428774
2016-07-12,D0059,朝阳门店,0.1,15:15:00,12,2,384,38.40000057220459
2016-07-12,D0060,朝阳门店,0.1,19:43:00,15,3,272,27.200000405311584
2016-07-12,D0061,朝阳门店,0.1,15:29:00,3,2,442,44.200000658631325
2016-07-12,D0062,朝阳门店,0.1,18:11:00,16,3,273,27.3000004068017
2016-07-12,D0063,朝阳门店,0.1,12:42:00,13,3,432,43.200000643730164
2016-07-12,D0064,朝阳门店,0.1,18:19:00,4,2,409,40.90000060945749
2016-07-12,D0065,朝阳门店,0.1,17:55:00,7,2,485,48.50000072270632
2016-07-12,D0066,朝阳门店,0.1,12:10:00,1,2,358,35.80000053346157
2016-07-12,D0067,朝阳门店,0.1,19:02:00,1,2,357,35.700000531971455
2016-07-12,D0068,朝阳门店,0.1,10:31:00,15,3,448,44.80000066757202
2016-07-12,D0069,朝阳门店,0.1,10:00:00,1,2,373,37.30000055581331
2016-07-12,D0070,朝阳门店,0.1,12:28:00,9,2,534,53.40000079572201
2016-07-12,D0071,朝阳门店,0.1,14:26:00,11,2,539,53.90000080317259
2016-07-12,D0072,朝阳门店,0.1,13:20:00,5,2,532,53.200000792741776
2016-07-12,D0073,朝阳门店,0.1,11:13:00,7,2,481,48.10000071674585
2016-07-12,D0074,朝阳门店,0.1,10:27:00,6,2,237,23.70000035315752
2016-07-12,D0075,朝阳门店,0.1,14:13:00,5,2,328,32.80000048875809
2016-07-12,D0076,朝阳门店,0.1,19:59:00,10,2,551,55.10000082105398
2016-07-12,D0077,朝阳门店,0.1,19:25:00,11,2,445,44.50000066310167
2016-07-12,D0078,朝阳门店,0.1,16:54:00,11,2,568,56.800000846385956
2016-07-12,D0079,朝阳门店,0.1,17:48:00,2,2,430,43.00000064074993
2016-07-12,D0080,朝阳门店,0.1,10:25:00,16,3,507,50.70000075548887
2016-07-12,D0081,朝阳门店,0.1,13:54:00,4,2,413,41.30000061541796
2016-07-12,D0082,朝阳门店,0.1,12:35:00,1,2,236,23.600000351667404
2016-07-12,D0083,朝阳门店,0.1,19:36:00,7,2,479,47.90000071376562
2016-07-12,D0084,朝阳门店,0.1,16:37:00,8,2,482,48.20000071823597
2016-07-12,D0085,朝阳门店,0.1,14:29:00,9,2,502,50.20000074803829
2016-07-12,D0086,朝阳门店,0.1,11:59:00,11,2,553,55.300000824034214
2016-07-12,D0087,朝阳门店,0.1,19:58:00,3,2,402,40.20000059902668
2016-07-12,D0088,朝阳门店,0.1,19:17:00,16,3,319,31.900000475347042
2016-07-12,D0089,朝阳门店,0.1,16:57:00,2,2,494,49.40000073611736
2016-07-12,D0090,朝阳门店,0.1,13:40:00,17,3,189,18.900000281631947
2016-07-12,E0001,北新桥店,0.1,19:38:00,6,2,387,38.70000057667494
2016-07-12,E0002,北新桥店,0.1,17:02:00,22,5,288,28.800000429153442
2016-07-12,E0003,北新桥店,0.1,16:23:00,24,9,409,40.90000060945749
2016-07-12,E0004,北新桥店,0.1,17:32:00,8,2,518,51.80000077188015
2016-07-12,E0005,北新桥店,0.1,14:26:00,7,2,170,17.00000025331974
2016-07-12,E0006,北新桥店,0.1,11:46:00,13,3,415,41.50000061839819
2016-07-12,E0007,北新桥店,0.1,14:42:00,7,2,413,41.30000061541796
2016-07-12,E0008,北新桥店,0.1,12:44:00,10,2,512,51.20000076293945
2016-07-12,E0009,北新桥店,0.1,11:14:00,23,7,560,56.00000083446503
2016-07-12,E0010,北新桥店,0.1,12:31:00,9,2,437,43.700000651180744
2016-07-12,E0011,北新桥店,0.1,13:22:00,7,2,534,53.40000079572201
2016-07-12,E0012,北新桥店,0.1,19:55:00,3,2,430,43.00000064074993
2016-07-12,E0013,北新桥店,0.1,17:47:00,7,2,509,50.900000758469105
2016-07-12,E0014,北新桥店,0.1,11:44:00,17,3,362,36.200000539422035
2016-07-12,E0015,北新桥店,0.1,16:21:00,9,2,246,24.600000366568565
2016-07-12,E0016,北新桥店,0.1,13:40:00,4,2,247,24.70000036805868
2016-07-12,E0017,北新桥店,0.1,10:10:00,4,2,425,42.50000063329935
2016-07-12,E0018,北新桥店,0.1,16:45:00,25,7,461,46.10000068694353
2016-07-12,E0019,北新桥店,0.1,12:40:00,3,2,380,38.000000566244125
2016-07-12,E0020,北新桥店,0.1,18:51:00,8,2,462,46.20000068843365
2016-07-12,E0021,北新桥店,0.1,19:11:00,16,3,382,38.20000056922436
2016-07-12,E0022,北新桥店,0.1,13:35:00,13,3,442,44.200000658631325
2016-07-12,E0023,北新桥店,0.1,14:04:00,22,6,625,62.500000931322575
2016-07-12,E0024,北新桥店,0.1,16:47:00,22,8,629,62.90000093728304
2016-07-12,E0025,北新桥店,0.1,13:47:00,24,4,278,27.80000041425228
2016-07-12,E0026,北新桥店,0.1,10:04:00,23,6,526,52.60000078380108
2016-07-12,E0027,北新桥店,0.1,13:03:00,3,2,328,32.80000048875809
2016-07-12,E0028,北新桥店,0.1,11:46:00,8,2,507,50.70000075548887
2016-07-12,E0029,北新桥店,0.1,16:10:00,17,3,442,44.200000658631325
2016-07-12,E0030,北新桥店,0.1,17:56:00,10,2,358,35.80000053346157
2016-07-12,E0031,北新桥店,0.1,13:00:00,15,3,406,40.600000604987144
2016-07-12,E0032,北新桥店,0.1,18:20:00,17,3,349,34.900000520050526
2016-07-12,E0033,北新桥店,0.1,16:02:00,12,2,448,44.80000066757202
2016-07-12,E0034,北新桥店,0.1,17:25:00,6,2,398,39.800000593066216
2016-07-12,E0035,北新桥店,0.1,18:44:00,8,2,277,27.700000412762165
2016-07-12,E0036,北新桥店,0.1,19:04:00,23,4,530,53.00000078976154
2016-07-12,E0037,北新桥店,0.1,19:10:00,12,2,362,36.200000539422035
2016-07-12,E0038,北新桥店,0.1,12:27:00,24,7,540,54.000000804662704
2016-07-12,E0039,北新桥店,0.1,11:08:00,1,2,582,58.20000086724758
2016-07-12,E0040,北新桥店,0.1,14:13:00,19,3,352,35.200000524520874
2016-07-12,E0041,北新桥店,0.1,15:33:00,16,3,302,30.200000450015068
2016-07-12,E0042,北新桥店,0.1,12:41:00,19,3,408,40.80000060796738
2016-07-12,E0043,北新桥店,0.1,14:04:00,15,3,541,54.10000080615282
2016-07-12,E0044,北新桥店,0.1,16:48:00,2,2,452,45.200000673532486
2016-07-12,E0045,北新桥店,0.1,15:48:00,12,2,396,39.60000059008598
2016-07-12,E0046,北新桥店,0.1,12:07:00,19,3,337,33.70000050216913
2016-07-12,E0047,北新桥店,0.1,14:56:00,21,4,423,42.30000063031912
2016-07-12,E0048,北新桥店,0.1,15:15:00,19,3,299,29.90000044554472
2016-07-12,E0049,北新桥店,0.1,15:52:00,6,2,441,44.10000065714121
2016-07-12,E0050,北新桥店,0.1,17:23:00,19,3,400,40.00000059604645
2016-07-12,E0051,北新桥店,0.1,13:22:00,5,2,366,36.6000005453825
2016-07-12,E0052,北新桥店,0.1,16:42:00,23,6,548,54.80000081658363
2016-07-12,E0053,北新桥店,0.1,14:42:00,22,5,333,33.30000049620867
2016-07-12,E0054,北新桥店,0.1,15:24:00,13,3,421,42.100000627338886
2016-07-12,E0055,北新桥店,0.1,16:45:00,25,9,223,22.300000332295895
2016-07-12,E0056,北新桥店,0.1,13:47:00,7,2,420,42.00000062584877
2016-07-12,E0057,北新桥店,0.1,11:17:00,6,2,460,46.000000685453415
2016-07-12,E0058,北新桥店,0.1,11:55:00,24,6,557,55.70000082999468
2016-07-12,E0059,北新桥店,0.1,16:20:00,6,2,270,27.000000402331352
2016-07-12,E0060,北新桥店,0.1,10:29:00,4,2,472,47.20000070333481
2016-07-12,E0061,北新桥店,0.1,14:13:00,18,3,458,45.80000068247318
2016-07-12,E0062,北新桥店,0.1,10:25:00,1,2,357,35.700000531971455
2016-07-12,E0063,北新桥店,0.1,14:37:00,6,2,534,53.40000079572201
2016-07-12,E0064,北新桥店,0.1,16:41:00,19,3,331,33.100000493228436
2016-07-12,E0065,北新桥店,0.1,15:28:00,2,2,359,35.90000053495169
2016-07-12,E0066,北新桥店,0.1,10:14:00,11,2,376,37.60000056028366
2016-07-12,E0067,北新桥店,0.1,10:45:00,13,3,604,60.400000900030136
2016-07-12,E0068,北新桥店,0.1,16:51:00,9,2,292,29.200000435113907
2016-07-12,E0069,北新桥店,0.1,10:06:00,5,2,266,26.600000396370888
2016-07-12,E0070,北新桥店,0.1,19:29:00,21,6,423,42.30000063031912
2016-07-12,E0071,北新桥店,0.1,10:43:00,2,2,579,57.90000086277723
2016-07-12,E0072,北新桥店,0.1,14:11:00,21,5,542,54.20000080764294
2016-07-12,E0073,北新桥店,0.1,16:43:00,10,2,410,41.00000061094761
2016-07-12,E0074,北新桥店,0.1,19:46:00,20,3,514,51.400000765919685
2016-07-12,E0075,北新桥店,0.1,13:53:00,20,3,289,28.90000043064356
2016-07-12,E0076,北新桥店,0.1,18:09:00,4,2,597,59.70000088959932
2016-07-12,E0077,北新桥店,0.1,14:42:00,19,3,507,50.70000075548887
2016-07-12,E0078,北新桥店,0.1,13:07:00,13,3,350,35.00000052154064
2016-07-12,E0079,北新桥店,0.1,17:22:00,24,6,489,48.90000072866678
2016-07-12,E0080,北新桥店,0.1,11:30:00,20,3,511,51.10000076144934
2016-07-12,E0081,北新桥店,0.1,16:53:00,2,2,304,30.4000004529953
2016-07-12,E0082,北新桥店,0.1,17:35:00,16,3,422,42.200000628829
2016-07-12,E0083,北新桥店,0.1,19:49:00,24,8,386,38.60000057518482
2016-07-12,E0084,北新桥店,0.1,16:53:00,25,9,464,46.40000069141388
2016-07-12,E0085,北新桥店,0.1,15:22:00,15,3,507,50.70000075548887
2016-07-12,E0086,北新桥店,0.1,12:36:00,7,2,264,26.400000393390656
2016-07-12,E0087,北新桥店,0.1,12:00:00,2,2,422,42.200000628829
2016-07-12,E0088,北新桥店,0.1,16:59:00,21,7,370,37.000000551342964
2016-07-12,E0089,北新桥店,0.1,19:18:00,2,2,484,48.4000007212162
2016-07-12,E0090,北新桥店,0.1,19:44:00,14,3,254,25.400000378489494
2016-07-12,E0091,北新桥店,0.1,14:38:00,8,2,465,46.500000692903996
2016-07-12,E0092,北新桥店,0.1,10:20:00,18,3,301,30.100000448524952
2016-07-12,E0093,北新桥店,0.1,13:04:00,19,3,353,35.30000052601099
2016-07-12,E0094,北新桥店,0.1,12:46:00,23,7,370,37.000000551342964
2016-07-12,E0095,北新桥店,0.1,19:42:00,3,2,595,59.50000088661909
2016-07-12,E0096,北新桥店,0.1,17:59:00,22,6,439,43.900000654160976
2016-07-12,E0097,北新桥店,0.1,16:42:00,13,3,264,26.400000393390656
2016-07-12,E0098,北新桥店,0.1,10:19:00,12,2,399,39.90000059455633
2016-07-12,E0099,北新桥店,0.1,10:34:00,1,2,295,29.500000439584255
2016-07-12,E0100,北新桥店,0.1,18:31:00,20,3,429,42.900000639259815
2016-07-12,E0101,北新桥店,0.1,15:34:00,12,2,473,47.300000704824924
2016-07-12,E0102,北新桥店,0.1,16:37:00,2,2,245,24.50000036507845
2016-07-12,E0103,北新桥店,0.1,10:31:00,18,3,467,46.70000069588423
2016-07-12,E0104,北新桥店,0.1,13:18:00,11,2,318,31.800000473856926
2016-07-12,E0105,北新桥店,0.1,17:15:00,21,7,384,38.40000057220459
2016-07-12,E0106,北新桥店,0.1,15:48:00,14,3,345,34.50000051409006
2016-07-12,E0107,北新桥店,0.1,13:20:00,18,3,193,19.30000028759241
2016-07-12,E0108,北新桥店,0.1,16:21:00,9,2,429,42.900000639259815
2016-07-12,E0109,北新桥店,0.1,11:42:00,18,3,670,67.0000009983778
2016-07-12,E0110,北新桥店,0.1,13:35:00,12,2,367,36.700000546872616
2016-07-12,E0111,北新桥店,0.1,19:05:00,20,3,393,39.300000585615635
2016-07-12,E0112,北新桥店,0.1,13:53:00,21,9,385,38.500000573694706
2016-07-12,E0113,北新桥店,0.1,11:06:00,12,2,446,44.60000066459179
2016-07-12,E0114,北新桥店,0.1,17:31:00,12,2,537,53.700000800192356
2016-07-12,E0115,北新桥店,0.1,13:22:00,14,3,551,55.10000082105398
2016-07-12,E0116,北新桥店,0.1,19:24:00,14,3,439,43.900000654160976
2016-07-12,E0117,北新桥店,0.1,12:03:00,3,2,333,33.30000049620867
2016-07-12,E0118,北新桥店,0.1,11:10:00,4,2,426,42.60000063478947
2016-07-12,E0119,北新桥店,0.1,19:09:00,6,2,366,36.6000005453825
2016-07-12,E0120,北新桥店,0.1,13:51:00,9,2,331,33.100000493228436
2016-07-12,E0121,北新桥店,0.1,12:54:00,2,2,353,35.30000052601099
2016-07-12,E0122,北新桥店,0.1,10:51:00,12,2,539,53.90000080317259
2016-07-12,E0123,北新桥店,0.1,14:36:00,18,3,422,42.200000628829
2016-07-12,E0124,北新桥店,0.1,11:17:00,25,6,397,39.7000005915761
2016-07-12,E0125,北新桥店,0.1,12:01:00,20,3,415,41.50000061839819
2016-07-12,E0126,北新桥店,0.1,11:38:00,16,3,293,29.300000436604023
2016-07-12,E0127,北新桥店,0.1,14:46:00,24,5,455,45.500000678002834
2016-07-12,E0128,北新桥店,0.1,19:41:00,7,2,290,29.000000432133675
2016-07-12,E0129,北新桥店,0.1,16:49:00,22,8,318,31.800000473856926
2016-07-12,E0130,北新桥店,0.1,12:06:00,13,3,240,24.00000035762787
2016-07-12,E0131,北新桥店,0.1,15:11:00,8,2,394,39.40000058710575
2016-07-12,E0132,北新桥店,0.1,11:51:00,18,3,272,27.200000405311584
2016-07-12,E0133,北新桥店,0.1,17:28:00,17,3,622,62.200000926852226
2016-07-12,E0134,北新桥店,0.1,19:08:00,12,2,568,56.800000846385956
2016-07-12,E0135,北新桥店,0.1,16:20:00,10,2,296,29.60000044107437
2016-07-12,E0136,北新桥店,0.1,14:11:00,1,2,576,57.600000858306885
2016-07-12,E0137,北新桥店,0.1,19:55:00,25,9,343,34.30000051110983
2016-07-12,E0138,北新桥店,0.1,19:43:00,4,2,174,17.400000259280205
2016-07-12,E0139,北新桥店,0.1,10:21:00,16,3,176,17.600000262260437
2016-07-12,E0140,北新桥店,0.1,11:33:00,2,2,499,49.900000743567944
2016-07-12,E0141,北新桥店,0.1,12:19:00,3,2,530,53.00000078976154
2016-07-12,E0142,北新桥店,0.1,14:34:00,3,2,370,37.000000551342964
2016-07-12,E0143,北新桥店,0.1,19:31:00,17,3,400,40.00000059604645
2016-07-12,E0144,北新桥店,0.1,17:33:00,18,3,443,44.30000066012144
2016-07-12,E0145,北新桥店,0.1,10:21:00,16,3,280,28.000000417232513
2016-07-12,E0146,北新桥店,0.1,14:14:00,21,5,615,61.50000091642141
2016-07-12,E0147,北新桥店,0.1,18:32:00,1,2,457,45.70000068098307
2016-07-12,E0148,北新桥店,0.1,10:46:00,11,2,428,42.8000006377697
2016-07-12,E0149,北新桥店,0.1,14:45:00,22,5,493,49.30000073462725
2016-07-12,E0150,北新桥店,0.1,19:49:00,13,3,483,48.300000719726086
2016-07-12,E0151,北新桥店,0.1,13:09:00,7,2,301,30.100000448524952
2016-07-12,E0152,北新桥店,0.1,12:35:00,13,3,483,48.300000719726086
2016-07-12,E0153,北新桥店,0.1,18:50:00,13,3,381,38.10000056773424
2016-07-12,E0154,北新桥店,0.1,17:18:00,16,3,448,44.80000066757202
2016-07-12,E0155,北新桥店,0.1,17:33:00,25,5,432,43.200000643730164
2016-07-12,E0156,北新桥店,0.1,19:54:00,7,2,321,32.100000478327274
2016-07-12,E0157,北新桥店,0.1,10:19:00,21,9,487,48.70000072568655
2016-07-12,E0158,北新桥店,0.1,18:01:00,12,2,595,59.50000088661909
2016-07-12,E0159,北新桥店,0.1,12:24:00,16,3,560,56.00000083446503
2016-07-12,E0160,北新桥店,0.1,16:24:00,9,2,516,51.60000076889992
2016-07-12,E0161,北新桥店,0.1,12:51:00,5,2,352,35.200000524520874
2016-07-12,E0162,北新桥店,0.1,14:57:00,15,3,509,50.900000758469105
2016-07-12,E0163,北新桥店,0.1,12:15:00,6,2,154,15.400000229477882
2016-07-12,E0164,北新桥店,0.1,12:38:00,3,2,562,56.20000083744526
2016-07-12,E0165,北新桥店,0.1,16:24:00,18,3,467,46.70000069588423
2016-07-12,E0166,北新桥店,0.1,19:02:00,6,2,289,28.90000043064356
2016-07-12,E0167,北新桥店,0.1,11:45:00,21,9,357,35.700000531971455
2016-07-12,E0168,北新桥店,0.1,18:40:00,4,2,504,50.400000751018524
2016-07-12,E0169,北新桥店,0.1,14:51:00,4,2,273,27.3000004068017
2016-07-12,E0170,北新桥店,0.1,13:17:00,18,3,176,17.600000262260437
2016-07-12,E0171,北新桥店,0.1,18:09:00,11,2,366,36.6000005453825
2016-07-12,E0172,北新桥店,0.1,11:53:00,23,6,453,45.3000006750226
2016-07-12,E0173,北新桥店,0.1,18:59:00,9,2,358,35.80000053346157
2016-07-12,E0174,北新桥店,0.1,12:30:00,3,2,380,38.000000566244125
2016-07-12,E0175,北新桥店,0.1,12:13:00,5,2,300,30.000000447034836
2016-07-12,E0176,北新桥店,0.1,16:35:00,15,3,423,42.30000063031912
2016-07-12,E0177,北新桥店,0.1,17:50:00,12,2,242,24.2000003606081
2016-07-12,E0178,北新桥店,0.1,11:56:00,11,2,504,50.400000751018524
